Insert into ARTISTA
   (ID_ARTISTA, NOME_ARTE, EMAIL_ARTISTA, NUMERO_COMPONENTI, TELEFONO_ARTISTA)
 Values
   ('002', 'Tommaso Paradiso', 'tommaso.paradiso@gmail.com', 1, '0810000002');
Insert into ARTISTA
   (ID_ARTISTA, NOME_ARTE, EMAIL_ARTISTA, NUMERO_COMPONENTI, TELEFONO_ARTISTA)
 Values
   ('003', 'Ligabue', 'ligabue@gmail.com', 1, '0810000003');
Insert into ARTISTA
   (ID_ARTISTA, NOME_ARTE, EMAIL_ARTISTA, NUMERO_COMPONENTI, TELEFONO_ARTISTA)
 Values
   ('006', 'Zucchero', 'fornaciari@hotmail.it', 1, '0810000006');
Insert into ARTISTA
   (ID_ARTISTA, NOME_ARTE, EMAIL_ARTISTA, NUMERO_COMPONENTI, TELEFONO_ARTISTA)
 Values
   ('007', 'Pooh', 'poohband@gmail.com', 4, '0810000007');
Insert into ARTISTA
   (ID_ARTISTA, NOME_ARTE, EMAIL_ARTISTA, NUMERO_COMPONENTI, TELEFONO_ARTISTA)
 Values
   ('008', 'Laura Pausini', 'laura@gmail.com', 1, '0810000008');
Insert into ARTISTA
   (ID_ARTISTA, NOME_ARTE, EMAIL_ARTISTA, NUMERO_COMPONENTI, TELEFONO_ARTISTA)
 Values
   ('009', 'Elodie', 'elodie.dipatrizi@gmail.com', 1, '0810000009');
Insert into ARTISTA
   (ID_ARTISTA, NOME_ARTE, EMAIL_ARTISTA, NUMERO_COMPONENTI, TELEFONO_ARTISTA)
 Values
   ('010', 'Vasco Rossi', 'vascorossi@live.com', 1, '0810000010');
Insert into ARTISTA
   (ID_ARTISTA, NOME_ARTE, EMAIL_ARTISTA, NUMERO_COMPONENTI, TELEFONO_ARTISTA)
 Values
   ('011', 'Negramaro', 'negramaro@gmail.com', 6, '0810000011');
Insert into ARTISTA
   (ID_ARTISTA, NOME_ARTE, EMAIL_ARTISTA, NUMERO_COMPONENTI, TELEFONO_ARTISTA)
 Values
   ('012', 'Elisa', 'elisa77@libero.com', 1, '0810000012');
Insert into ARTISTA
   (ID_ARTISTA, NOME_ARTE, EMAIL_ARTISTA, NUMERO_COMPONENTI, TELEFONO_ARTISTA)
 Values
   ('013', 'Pino Daniele', 'pinodaniele@gmail.com', 1, '0810000013');
Insert into ARTISTA
   (ID_ARTISTA, NOME_ARTE, EMAIL_ARTISTA, NUMERO_COMPONENTI, TELEFONO_ARTISTA)
 Values
   ('014', 'Giorgia', 'giorgia.71@gmail.com', 1, '0810000014');
Insert into ARTISTA
   (ID_ARTISTA, NOME_ARTE, EMAIL_ARTISTA, NUMERO_COMPONENTI, TELEFONO_ARTISTA)
 Values
   ('015', 'Francesca Michielin', 'francescamichielin@libero.com', 1, '0810000015');
Insert into ARTISTA
   (ID_ARTISTA, NOME_ARTE, EMAIL_ARTISTA, NUMERO_COMPONENTI, TELEFONO_ARTISTA)
 Values
   ('016', 'Max Pezzali', 'maxpezzali@gmail.com', 1, '0810000016');
Insert into ARTISTA
   (ID_ARTISTA, NOME_ARTE, EMAIL_ARTISTA, NUMERO_COMPONENTI, TELEFONO_ARTISTA)
 Values
   ('017', 'Eros Ramazzotti', 'ramazzotti.eros@hotmail.it', 1, '0810000017');
Insert into ARTISTA
   (ID_ARTISTA, NOME_ARTE, EMAIL_ARTISTA, NUMERO_COMPONENTI, TELEFONO_ARTISTA)
 Values
   ('018', 'Claudio Baglioni', 'claudiobaglioni@gmail.com', 1, '0810000018');
Insert into ARTISTA
   (ID_ARTISTA, NOME_ARTE, EMAIL_ARTISTA, NUMERO_COMPONENTI, TELEFONO_ARTISTA)
 Values
   ('020', 'Renato Zero', 'zero.renato@live.it', 1, '0810000020');
Insert into ARTISTA
   (ID_ARTISTA, NOME_ARTE, EMAIL_ARTISTA, NUMERO_COMPONENTI, TELEFONO_ARTISTA)
 Values
   ('021', 'Fiorella Mannoia', 'fiorella.mannoia@hotmail.it', 1, '0810000021');
Insert into ARTISTA
   (ID_ARTISTA, NOME_ARTE, EMAIL_ARTISTA, NUMERO_COMPONENTI, TELEFONO_ARTISTA)
 Values
   ('022', 'Raf', 'raf@infinito.com', 1, '001552233');
 
Insert into CITTA
   (ID_CITTA, NOME_CITTA)
 Values
   (1, 'Napoli');
Insert into CITTA
   (ID_CITTA, NOME_CITTA)
 Values
   (2, 'Milano');
Insert into CITTA
   (ID_CITTA, NOME_CITTA)
 Values
   (3, 'Firenze');
Insert into CITTA
   (ID_CITTA, NOME_CITTA)
 Values
   (4, 'Torino');
Insert into CITTA
   (ID_CITTA, NOME_CITTA)
 Values
   (5, 'Roma');
Insert into CITTA
   (ID_CITTA, NOME_CITTA)
 Values
   (6, 'Venezia');
Insert into CITTA
   (ID_CITTA, NOME_CITTA)
 Values
   (7, 'Ferrara');
Insert into CITTA
   (ID_CITTA, NOME_CITTA)
 Values
   (8, 'Modena');
Insert into CITTA
   (ID_CITTA, NOME_CITTA)
 Values
   (9, 'Bergamo');
Insert into CITTA
   (ID_CITTA, NOME_CITTA)
 Values
   (10, 'Genova');
Insert into CITTA
   (ID_CITTA, NOME_CITTA)
 Values
   (11, 'Brindisi');
Insert into CITTA
   (ID_CITTA, NOME_CITTA)
 Values
   (12, 'Ragusa');
Insert into CITTA
   (ID_CITTA, NOME_CITTA)
 Values
   (13, 'Riccione');
Insert into CITTA
   (ID_CITTA, NOME_CITTA)
 Values
   (14, 'Rimini');
Insert into CITTA
   (ID_CITTA, NOME_CITTA)
 Values
   (15, 'Caserta');
Insert into CITTA
   (ID_CITTA, NOME_CITTA)
 Values
   (16, 'Palermo');
Insert into CITTA
   (ID_CITTA, NOME_CITTA)
 Values
   (18, 'Salerno');
Insert into CITTA
   (ID_CITTA, NOME_CITTA)
 Values
   (19, 'Verona');
Insert into CITTA
   (ID_CITTA, NOME_CITTA)
 Values
   (20, 'Cosenza');
Insert into CITTA
   (ID_CITTA, NOME_CITTA)
 Values
   (21, 'Crotone');
Insert into CITTA
   (ID_CITTA, NOME_CITTA)
 Values
   (22, 'Foggia');
Insert into CITTA
   (ID_CITTA, NOME_CITTA)
 Values
   (25, 'Latina');
Insert into CITTA
   (ID_CITTA, NOME_CITTA)
 Values
   (24, 'Caltanisetta');
Insert into CITTA
   (ID_CITTA, NOME_CITTA)
 Values
   (26, 'Bologna');
Insert into CITTA
   (ID_CITTA, NOME_CITTA)
 Values
   (27, 'Brescia');
Insert into CITTA
   (ID_CITTA, NOME_CITTA)
 Values
   (29, 'Mantova');
Insert into CITTA
   (ID_CITTA, NOME_CITTA)
 Values
   (30, 'Piacenza');
Insert into CITTA
   (ID_CITTA, NOME_CITTA)
 Values
   (31, 'Taormina');
 
Insert into PREMI
   (NOME_PREMIO, GUADAGNO)
 Values
   ('Disco oro', 5000);
Insert into PREMI
   (NOME_PREMIO, GUADAGNO)
 Values
   ('Disco platino', 7000);
Insert into PREMI
   (NOME_PREMIO, GUADAGNO)
 Values
   ('Sanremo', 6000);
Insert into PREMI
   (NOME_PREMIO, GUADAGNO)
 Values
   ('I love my radio', 2500);
Insert into PREMI
   (NOME_PREMIO, GUADAGNO)
 Values
   ('Mia Martini', 3000);
Insert into PREMI
   (NOME_PREMIO, GUADAGNO)
 Values
   ('Tenco', 1500);
Insert into PREMI
   (NOME_PREMIO, GUADAGNO)
 Values
   ('Wind Awards', 2300);
Insert into PREMI
   (NOME_PREMIO, GUADAGNO)
 Values
   ('Eurovision', 4000);
Insert into PREMI
   (NOME_PREMIO, GUADAGNO)
 Values
   ('Lunezia', 1000);
Insert into PREMI
   (NOME_PREMIO, GUADAGNO)
 Values
   ('Best Album', 500);
Insert into PREMI
   (NOME_PREMIO, GUADAGNO)
 Values
   ('Festival Bar', 6000);
Insert into PREMI
   (NOME_PREMIO, GUADAGNO)
 Values
   ('Youtube Awards', 6000);
Insert into PREMI
   (NOME_PREMIO, GUADAGNO)
 Values
   ('Grammy', 8000);
Insert into PREMI
   (NOME_PREMIO, GUADAGNO)
 Values
   ('Mtv Awards', 2500);
Insert into PREMI
   (NOME_PREMIO, GUADAGNO)
 Values
   ('Fimi', 9000);
 

Insert into DISTRIBUTORE
   (NOME_DISTRIBUTORE, EMAIL_DISTRIBUTORE, TELEFONO_DISTRIBUTORE, PARTITA_IVA, ID_CITTA_DISTRIBUTORE)
 Values
   ('Youtube', 'youtube@gmail.com', '3380000001', 'partiva001 ', 2);
Insert into DISTRIBUTORE
   (NOME_DISTRIBUTORE, EMAIL_DISTRIBUTORE, TELEFONO_DISTRIBUTORE, PARTITA_IVA, ID_CITTA_DISTRIBUTORE)
 Values
   ('Spotify', 'spotify@gmail.com', '3380000002', 'partiva002 ', 5);
Insert into DISTRIBUTORE
   (NOME_DISTRIBUTORE, EMAIL_DISTRIBUTORE, TELEFONO_DISTRIBUTORE, PARTITA_IVA, ID_CITTA_DISTRIBUTORE)
 Values
   ('Apple music', 'applemusic@gmail.com', '3380000003', 'partiva003 ', 1);
Insert into DISTRIBUTORE
   (NOME_DISTRIBUTORE, EMAIL_DISTRIBUTORE, TELEFONO_DISTRIBUTORE, PARTITA_IVA, ID_CITTA_DISTRIBUTORE)
 Values
   ('Feltrinelli', 'feltrinelli@gmail.com', '3380000004', 'partiva004 ', 4);
Insert into DISTRIBUTORE
   (NOME_DISTRIBUTORE, EMAIL_DISTRIBUTORE, TELEFONO_DISTRIBUTORE, PARTITA_IVA, ID_CITTA_DISTRIBUTORE)
 Values
   ('Mondadori', 'mondadori@gmail.com', '3380000005', 'partiva005 ', 3);
Insert into DISTRIBUTORE
   (NOME_DISTRIBUTORE, EMAIL_DISTRIBUTORE, TELEFONO_DISTRIBUTORE, PARTITA_IVA, ID_CITTA_DISTRIBUTORE)
 Values
   ('Awal', 'awal@hotmail.it', '3380000006', 'partiva006 ', 3);
Insert into DISTRIBUTORE
   (NOME_DISTRIBUTORE, EMAIL_DISTRIBUTORE, TELEFONO_DISTRIBUTORE, PARTITA_IVA, ID_CITTA_DISTRIBUTORE)
 Values
   ('Route music', 'routemusic@hotmail.it', '3380000007', 'partiva007 ', 20);
Insert into DISTRIBUTORE
   (NOME_DISTRIBUTORE, EMAIL_DISTRIBUTORE, TELEFONO_DISTRIBUTORE, PARTITA_IVA, ID_CITTA_DISTRIBUTORE)
 Values
   ('Giuse music', 'giusemusic@gmail.com', '3380000008', 'partiva008 ', 21);
Insert into DISTRIBUTORE
   (NOME_DISTRIBUTORE, EMAIL_DISTRIBUTORE, TELEFONO_DISTRIBUTORE, PARTITA_IVA, ID_CITTA_DISTRIBUTORE)
 Values
   ('Insta music', 'instamusic@libero.it', '3380000009', 'partiva009 ', 22);
Insert into DISTRIBUTORE
   (NOME_DISTRIBUTORE, EMAIL_DISTRIBUTORE, TELEFONO_DISTRIBUTORE, PARTITA_IVA, ID_CITTA_DISTRIBUTORE)
 Values
   ('Amazon music', 'amazon@gmail.com', '3380000010', 'partiva010 ', 2);
Insert into DISTRIBUTORE
   (NOME_DISTRIBUTORE, EMAIL_DISTRIBUTORE, TELEFONO_DISTRIBUTORE, PARTITA_IVA, ID_CITTA_DISTRIBUTORE)
 Values
   ('Google music', 'google@gmail.com', '3380000011', 'partiva011 ', 1);
Insert into DISTRIBUTORE
   (NOME_DISTRIBUTORE, EMAIL_DISTRIBUTORE, TELEFONO_DISTRIBUTORE, PARTITA_IVA, ID_CITTA_DISTRIBUTORE)
 Values
   ('Tim music', 'tim@hotmail.it', '3380000012', 'partiva012 ', 24);
Insert into DISTRIBUTORE
   (NOME_DISTRIBUTORE, EMAIL_DISTRIBUTORE, TELEFONO_DISTRIBUTORE, PARTITA_IVA, ID_CITTA_DISTRIBUTORE)
 Values
   ('Vevo', 'vevo@libero.it', '3380000013', 'partiva013 ', 19);
Insert into DISTRIBUTORE
   (NOME_DISTRIBUTORE, EMAIL_DISTRIBUTORE, TELEFONO_DISTRIBUTORE, PARTITA_IVA, ID_CITTA_DISTRIBUTORE)
 Values
   ('Igtv music', 'igtv@hotmail.it', '3380000014', 'partiva014 ', 1);
Insert into DISTRIBUTORE
   (NOME_DISTRIBUTORE, EMAIL_DISTRIBUTORE, TELEFONO_DISTRIBUTORE, PARTITA_IVA, ID_CITTA_DISTRIBUTORE)
 Values
   ('Jonni music', 'jonnimusic@hotmail.it', '3380000015', 'partiva015 ', 1);
 











Insert into TIPO_DISTRIBUTORE
   (NOME_SOCIETA, TIPO_DISTRIBUTORE)
 Values
   ('Amazon music', 'Digitale');
Insert into TIPO_DISTRIBUTORE
   (NOME_SOCIETA, TIPO_DISTRIBUTORE)
 Values
   ('Amazon music', 'Fisico');
Insert into TIPO_DISTRIBUTORE
   (NOME_SOCIETA, TIPO_DISTRIBUTORE)
 Values
   ('Apple music', 'Digitale');
Insert into TIPO_DISTRIBUTORE
   (NOME_SOCIETA, TIPO_DISTRIBUTORE)
 Values
   ('Awal', 'Digitale');
Insert into TIPO_DISTRIBUTORE
   (NOME_SOCIETA, TIPO_DISTRIBUTORE)
 Values
   ('Awal', 'Fisico');
Insert into TIPO_DISTRIBUTORE
   (NOME_SOCIETA, TIPO_DISTRIBUTORE)
 Values
   ('Feltrinelli', 'Fisico');
Insert into TIPO_DISTRIBUTORE
   (NOME_SOCIETA, TIPO_DISTRIBUTORE)
 Values
   ('Giuse music', 'Digitale');
Insert into TIPO_DISTRIBUTORE
   (NOME_SOCIETA, TIPO_DISTRIBUTORE)
 Values
   ('Giuse music', 'Fisico');
Insert into TIPO_DISTRIBUTORE
   (NOME_SOCIETA, TIPO_DISTRIBUTORE)
 Values
   ('Google music', 'Digitale');
Insert into TIPO_DISTRIBUTORE
   (NOME_SOCIETA, TIPO_DISTRIBUTORE)
 Values
   ('Google music', 'Fisico');
Insert into TIPO_DISTRIBUTORE
   (NOME_SOCIETA, TIPO_DISTRIBUTORE)
 Values
   ('Igtv music', 'Digitale');
Insert into TIPO_DISTRIBUTORE
   (NOME_SOCIETA, TIPO_DISTRIBUTORE)
 Values
   ('Igtv music', 'Fisico');
Insert into TIPO_DISTRIBUTORE
   (NOME_SOCIETA, TIPO_DISTRIBUTORE)
 Values
   ('Insta music', 'Digitale');
Insert into TIPO_DISTRIBUTORE
   (NOME_SOCIETA, TIPO_DISTRIBUTORE)
 Values
   ('Insta music', 'Fisico');
Insert into TIPO_DISTRIBUTORE
   (NOME_SOCIETA, TIPO_DISTRIBUTORE)
 Values
   ('Jonni music', 'Digitale');
Insert into TIPO_DISTRIBUTORE
   (NOME_SOCIETA, TIPO_DISTRIBUTORE)
 Values
   ('Jonni music', 'Fisico');
Insert into TIPO_DISTRIBUTORE
   (NOME_SOCIETA, TIPO_DISTRIBUTORE)
 Values
   ('Mondadori', 'Fisico');
Insert into TIPO_DISTRIBUTORE
   (NOME_SOCIETA, TIPO_DISTRIBUTORE)
 Values
   ('Route music', 'Digitale');
Insert into TIPO_DISTRIBUTORE
   (NOME_SOCIETA, TIPO_DISTRIBUTORE)
 Values
   ('Route music', 'Fisico');
Insert into TIPO_DISTRIBUTORE
   (NOME_SOCIETA, TIPO_DISTRIBUTORE)
 Values
   ('Spotify', 'Digitale');
Insert into TIPO_DISTRIBUTORE
   (NOME_SOCIETA, TIPO_DISTRIBUTORE)
 Values
   ('Tim music', 'Digitale');
Insert into TIPO_DISTRIBUTORE
   (NOME_SOCIETA, TIPO_DISTRIBUTORE)
 Values
   ('Tim music', 'Fisico');
Insert into TIPO_DISTRIBUTORE
   (NOME_SOCIETA, TIPO_DISTRIBUTORE)
 Values
   ('Vevo', 'Digitale');
Insert into TIPO_DISTRIBUTORE
   (NOME_SOCIETA, TIPO_DISTRIBUTORE)
 Values
   ('Vevo', 'Fisico');
Insert into TIPO_DISTRIBUTORE
   (NOME_SOCIETA, TIPO_DISTRIBUTORE)
 Values
   ('Youtube', 'Digitale');
 
Insert into TOT_SPESE_LOG
   (DATA, UTENTE, TOTALE, ANNO)
 Values
   (TO_DATE('26/06/2020 10:28:27', 'DD/MM/YYYY HH24:MI:SS'), 'CONTABILE', 828800, '2020');
Insert into TOT_SPESE_LOG
   (DATA, UTENTE, TOTALE, ANNO)
 Values
   (TO_DATE('19/06/2020 11:16:35', 'DD/MM/YYYY HH24:MI:SS'), 'CONTABILE', 237000, '2012');
Insert into TOT_SPESE_LOG
   (DATA, UTENTE, TOTALE, ANNO)
 Values
   (TO_DATE('19/06/2020 11:16:37', 'DD/MM/YYYY HH24:MI:SS'), 'CONTABILE', 750, '2006');
Insert into TOT_SPESE_LOG
   (DATA, UTENTE, TOTALE, ANNO)
 Values
   (TO_DATE('19/06/2020 11:17:06', 'DD/MM/YYYY HH24:MI:SS'), 'CONTABILE', 38000, '2003');
Insert into TOT_SPESE_LOG
   (DATA, UTENTE, TOTALE, ANNO)
 Values
   (TO_DATE('19/06/2020 11:17:09', 'DD/MM/YYYY HH24:MI:SS'), 'CONTABILE', 0, '1980');
Insert into TOT_SPESE_LOG
   (DATA, UTENTE, TOTALE, ANNO)
 Values
   (TO_DATE('22/06/2020 16:45:23', 'DD/MM/YYYY HH24:MI:SS'), 'CONTABILE', 423900, '2016');
Insert into TOT_SPESE_LOG
   (DATA, UTENTE, TOTALE, ANNO)
 Values
   (TO_DATE('22/06/2020 22:18:45', 'DD/MM/YYYY HH24:MI:SS'), 'CASA_DISCOGRAFICA', 653400, '2017');
Insert into TOT_SPESE_LOG
   (DATA, UTENTE, TOTALE, ANNO)
 Values
   (TO_DATE('23/06/2020 17:45:29', 'DD/MM/YYYY HH24:MI:SS'), 'CASA_DISCOGRAFICA', 38000, '2003');
 
Insert into VIDEOCLIP
   (ID_VIDEO, NOME_VIDEO, REGISTA, DURATA_VIDEO, COSTO)
 Values
   ('V01', 'Non avere paura', 'Carolina Sansoni', '00:04:10', 500);
Insert into VIDEOCLIP
   (ID_VIDEO, NOME_VIDEO, REGISTA, DURATA_VIDEO, COSTO)
 Values
   ('V02', 'I nostri anni', 'Carolina Sansoni', '00:03:39', 400);
Insert into VIDEOCLIP
   (ID_VIDEO, NOME_VIDEO, REGISTA, DURATA_VIDEO, COSTO)
 Values
   ('V03', 'I nostri anni - (lyric)', 'Carolina Sansoni', '00:03:38', 50);
Insert into VIDEOCLIP
   (ID_VIDEO, NOME_VIDEO, REGISTA, DURATA_VIDEO, COSTO)
 Values
   ('V04', 'Andromeda', 'Francesco Lettieri', '00:03:22', 400);
Insert into VIDEOCLIP
   (ID_VIDEO, NOME_VIDEO, REGISTA, DURATA_VIDEO, COSTO)
 Values
   ('V05', 'Se piovesse il tuo nome', 'Antonio Usbergo', '00:05:00', 300);
Insert into VIDEOCLIP
   (ID_VIDEO, NOME_VIDEO, REGISTA, DURATA_VIDEO, COSTO)
 Values
   ('V06', 'Domenica lunatica', 'Francesco Coppola', '00:06:24', 600);
Insert into VIDEOCLIP
   (ID_VIDEO, NOME_VIDEO, REGISTA, DURATA_VIDEO, COSTO)
 Values
   ('V07', 'Mentre tutto scorre', 'Alessandro Dalatri', '00:03:20', 700);
Insert into VIDEOCLIP
   (ID_VIDEO, NOME_VIDEO, REGISTA, DURATA_VIDEO, COSTO)
 Values
   ('V08', 'Mentre tutto scorre - (lyric)', 'Alessandro Dalatri', '00:03:20', 50);
Insert into VIDEOCLIP
   (ID_VIDEO, NOME_VIDEO, REGISTA, DURATA_VIDEO, COSTO)
 Values
   ('V09', 'Che Dio ti benedica', 'Francesco Lettieri', '00:04:30', 300);
Insert into VIDEOCLIP
   (ID_VIDEO, NOME_VIDEO, REGISTA, DURATA_VIDEO, COSTO)
 Values
   ('V10', 'Ho imparato a sognare', 'Francesco Fei', '00:04:12', 500);
Insert into VIDEOCLIP
   (ID_VIDEO, NOME_VIDEO, REGISTA, DURATA_VIDEO, COSTO)
 Values
   ('V11', 'Questa primavera', 'Antonio Usbergo', '00:05:01', 120);
Insert into VIDEOCLIP
   (ID_VIDEO, NOME_VIDEO, REGISTA, DURATA_VIDEO, COSTO)
 Values
   ('V12', 'Memorie', 'Francesco Coppola', '00:04:35', 555);
Insert into VIDEOCLIP
   (ID_VIDEO, NOME_VIDEO, REGISTA, DURATA_VIDEO, COSTO)
 Values
   ('V13', 'Allora si', 'Francesco Lettieri', '00:05:50', 370);
Insert into VIDEOCLIP
   (ID_VIDEO, NOME_VIDEO, REGISTA, DURATA_VIDEO, COSTO)
 Values
   ('V14', 'Memorie - (lyric)', 'Francesco Coppola', '00:04:30', 50);
Insert into VIDEOCLIP
   (ID_VIDEO, NOME_VIDEO, REGISTA, DURATA_VIDEO, COSTO)
 Values
   ('V15', 'Andromeda - (lyric)', 'Francesco Lettieri', '00:03:20', 90);
 
-------------------------------------------------------------------------------------------------------
Insert into AGENZIA_BOOKING
   (IBAN, NOME_AGENZIA, EMAIL_AGENZIA, TELEFONO_AGENZIA, ID_CITTA_AGENZIA)
 Values
   ('IT02L1234512345123456789012', 'Bpm concerti', 'bpmconcerti@gmail.com', '0200123456', 2);
Insert into AGENZIA_BOOKING
   (IBAN, NOME_AGENZIA, EMAIL_AGENZIA, TELEFONO_AGENZIA, ID_CITTA_AGENZIA)
 Values
   ('IT02L1234512345123456789013', 'Vivo concerti', 'vivoconcerti@gmail.com', '0200123457', 5);
Insert into AGENZIA_BOOKING
   (IBAN, NOME_AGENZIA, EMAIL_AGENZIA, TELEFONO_AGENZIA, ID_CITTA_AGENZIA)
 Values
   ('IT02L1234512345123456789014', 'Dna concerti', 'dnaconcerti@hotmail.it', '0200123458', 1);
Insert into AGENZIA_BOOKING
   (IBAN, NOME_AGENZIA, EMAIL_AGENZIA, TELEFONO_AGENZIA, ID_CITTA_AGENZIA)
 Values
   ('IT02L1234512345123456789015', 'Live nation', 'live.nation@alice.it', '0200123459', 4);
Insert into AGENZIA_BOOKING
   (IBAN, NOME_AGENZIA, EMAIL_AGENZIA, TELEFONO_AGENZIA, ID_CITTA_AGENZIA)
 Values
   ('IT02L1234512345123456789011', 'Lanuova live', 'lanuova@gmail.com', '0200123455', 6);
Insert into AGENZIA_BOOKING
   (IBAN, NOME_AGENZIA, EMAIL_AGENZIA, TELEFONO_AGENZIA, ID_CITTA_AGENZIA)
 Values
   ('IT02L1234512345123456789016', 'Lavecchia live', 'lavecchia@alice.it', '0200123454', 7);
Insert into AGENZIA_BOOKING
   (IBAN, NOME_AGENZIA, EMAIL_AGENZIA, TELEFONO_AGENZIA, ID_CITTA_AGENZIA)
 Values
   ('IT02L1234512345123456789017', 'Houselive', 'houselive@gmail.com', '0200123401', 1);
Insert into AGENZIA_BOOKING
   (IBAN, NOME_AGENZIA, EMAIL_AGENZIA, TELEFONO_AGENZIA, ID_CITTA_AGENZIA)
 Values
   ('IT02L1234512345123456789018', 'Radio live', 'radiolive@hotmail.it', '0200123402', 8);
Insert into AGENZIA_BOOKING
   (IBAN, NOME_AGENZIA, EMAIL_AGENZIA, TELEFONO_AGENZIA, ID_CITTA_AGENZIA)
 Values
   ('IT02L1234512345123456789019', 'Trap concerti', 'trapconcerti@gmail.com', '0200123403', 9);
Insert into AGENZIA_BOOKING
   (IBAN, NOME_AGENZIA, EMAIL_AGENZIA, TELEFONO_AGENZIA, ID_CITTA_AGENZIA)
 Values
   ('IT02L1234512345123456789010', 'Lamedia live', 'lamedia@gmail.com', '0200123404', 10);
Insert into AGENZIA_BOOKING
   (IBAN, NOME_AGENZIA, EMAIL_AGENZIA, TELEFONO_AGENZIA, ID_CITTA_AGENZIA)
 Values
   ('IT02L1234512345123456789020', 'Disco concerti', 'discoconcerti@gmail.com', '0200123405', 11);
Insert into AGENZIA_BOOKING
   (IBAN, NOME_AGENZIA, EMAIL_AGENZIA, TELEFONO_AGENZIA, ID_CITTA_AGENZIA)
 Values
   ('IT02L1234512345123456789021', 'Music pop', 'musicpop@hotmail.it', '0200123406', 12);
Insert into AGENZIA_BOOKING
   (IBAN, NOME_AGENZIA, EMAIL_AGENZIA, TELEFONO_AGENZIA, ID_CITTA_AGENZIA)
 Values
   ('IT02L1234512345123456789022', 'Riccione live', 'riccionelive@libero.com', '0200123407', 13);
Insert into AGENZIA_BOOKING
   (IBAN, NOME_AGENZIA, EMAIL_AGENZIA, TELEFONO_AGENZIA, ID_CITTA_AGENZIA)
 Values
   ('IT02L1234512345123456789023', 'Torino concerti', 'torinoconcerti@gmail.com', '0200123408', 4);
Insert into AGENZIA_BOOKING
   (IBAN, NOME_AGENZIA, EMAIL_AGENZIA, TELEFONO_AGENZIA, ID_CITTA_AGENZIA)
 Values
   ('IT02L1234512345123456789024', 'Rimini summer', 'riminisummer@gmail.com', '0200123409', 14);
 
Insert into STRUTTURE
   (ID_STRUTTURA, NOME_STRUTTURA, ID_CITTA)
 Values
   (1, 'Stadio San Paolo', 1);
Insert into STRUTTURE
   (ID_STRUTTURA, NOME_STRUTTURA, ID_CITTA)
 Values
   (2, 'Stadio San Siro', 2);
Insert into STRUTTURE
   (ID_STRUTTURA, NOME_STRUTTURA, ID_CITTA)
 Values
   (3, 'Stadio Olimpico', 5);
Insert into STRUTTURE
   (ID_STRUTTURA, NOME_STRUTTURA, ID_CITTA)
 Values
   (4, 'Stadio Artemio Franchi', 3);
Insert into STRUTTURE
   (ID_STRUTTURA, NOME_STRUTTURA, ID_CITTA)
 Values
   (5, 'Stadio Arechi', 18);
Insert into STRUTTURE
   (ID_STRUTTURA, NOME_STRUTTURA, ID_CITTA)
 Values
   (6, 'Arena di Verona', 19);
Insert into STRUTTURE
   (ID_STRUTTURA, NOME_STRUTTURA, ID_CITTA)
 Values
   (7, 'Stadio Renzo Barbera', 16);
Insert into STRUTTURE
   (ID_STRUTTURA, NOME_STRUTTURA, ID_CITTA)
 Values
   (8, 'Palapartenope', 1);
Insert into STRUTTURE
   (ID_STRUTTURA, NOME_STRUTTURA, ID_CITTA)
 Values
   (9, 'Forum di Assago', 2);
Insert into STRUTTURE
   (ID_STRUTTURA, NOME_STRUTTURA, ID_CITTA)
 Values
   (10, 'Palacarucci', 25);
Insert into STRUTTURE
   (ID_STRUTTURA, NOME_STRUTTURA, ID_CITTA)
 Values
   (11, 'Palamaggio', 15);
Insert into STRUTTURE
   (ID_STRUTTURA, NOME_STRUTTURA, ID_CITTA)
 Values
   (12, 'Palalottomatica', 5);
Insert into STRUTTURE
   (ID_STRUTTURA, NOME_STRUTTURA, ID_CITTA)
 Values
   (13, 'Alcatraz', 2);



Insert into CONCERTI
   (ID_CONCERTO, NOME_CONCERTO, DATA_CONCERTO, ARTISTA, CODICE_IBAN, 
    ID_STRUTTURA)
 Values
   (1, 'Ligabue tour', TO_DATE('15/05/2004', 'DD/MM/YYYY'), '003', 'IT02L1234512345123456789011', 
    1);
Insert into CONCERTI
   (ID_CONCERTO, NOME_CONCERTO, DATA_CONCERTO, ARTISTA, CODICE_IBAN, 
    ID_STRUTTURA)
 Values
   (2, 'Ligabue tour', TO_DATE('16/05/2004', 'DD/MM/YYYY'), '003', 'IT02L1234512345123456789015', 
    2);
Insert into CONCERTI
   (ID_CONCERTO, NOME_CONCERTO, DATA_CONCERTO, ARTISTA, CODICE_IBAN, 
    ID_STRUTTURA)
 Values
   (3, 'Ligabue tour', TO_DATE('17/05/2004', 'DD/MM/YYYY'), '003', 'IT02L1234512345123456789016', 
    1);
Insert into CONCERTI
   (ID_CONCERTO, NOME_CONCERTO, DATA_CONCERTO, ARTISTA, CODICE_IBAN, 
    ID_STRUTTURA)
 Values
   (4, 'Ligabue tour', TO_DATE('30/04/2004', 'DD/MM/YYYY'), '003', 'IT02L1234512345123456789015', 
    3);
Insert into CONCERTI
   (ID_CONCERTO, NOME_CONCERTO, DATA_CONCERTO, ARTISTA, CODICE_IBAN, 
    ID_STRUTTURA)
 Values
   (5, 'Ligabue tour', TO_DATE('28/04/2004', 'DD/MM/YYYY'), '003', 'IT02L1234512345123456789015', 
    3);
Insert into CONCERTI
   (ID_CONCERTO, NOME_CONCERTO, DATA_CONCERTO, ARTISTA, CODICE_IBAN, 
    ID_STRUTTURA)
 Values
   (6, 'Eros tour', TO_DATE('03/10/2004', 'DD/MM/YYYY'), '017', 'IT02L1234512345123456789024', 
    4);
Insert into CONCERTI
   (ID_CONCERTO, NOME_CONCERTO, DATA_CONCERTO, ARTISTA, CODICE_IBAN, 
    ID_STRUTTURA)
 Values
   (7, 'Eros tour', TO_DATE('05/10/2004', 'DD/MM/YYYY'), '017', 'IT02L1234512345123456789015', 
    5);
Insert into CONCERTI
   (ID_CONCERTO, NOME_CONCERTO, DATA_CONCERTO, ARTISTA, CODICE_IBAN, 
    ID_STRUTTURA)
 Values
   (8, 'Eros tour', TO_DATE('01/10/2004', 'DD/MM/YYYY'), '017', 'IT02L1234512345123456789023', 
    4);
Insert into CONCERTI
   (ID_CONCERTO, NOME_CONCERTO, DATA_CONCERTO, ARTISTA, CODICE_IBAN, 
    ID_STRUTTURA)
 Values
   (9, 'Renato Zero in Arena', TO_DATE('03/02/2016', 'DD/MM/YYYY'), '020', 'IT02L1234512345123456789013', 
    6);
Insert into CONCERTI
   (ID_CONCERTO, NOME_CONCERTO, DATA_CONCERTO, ARTISTA, CODICE_IBAN, 
    ID_STRUTTURA)
 Values
   (10, 'Renato Zero in Arena', TO_DATE('05/02/2016', 'DD/MM/YYYY'), '020', 'IT02L1234512345123456789019', 
    6);
Insert into CONCERTI
   (ID_CONCERTO, NOME_CONCERTO, DATA_CONCERTO, ARTISTA, CODICE_IBAN, 
    ID_STRUTTURA)
 Values
   (11, 'Vai mo', TO_DATE('05/02/2001', 'DD/MM/YYYY'), '013', 'IT02L1234512345123456789012', 
    7);
Insert into CONCERTI
   (ID_CONCERTO, NOME_CONCERTO, DATA_CONCERTO, ARTISTA, CODICE_IBAN, 
    ID_STRUTTURA)
 Values
   (12, 'Tutte storie', TO_DATE('16/12/2015', 'DD/MM/YYYY'), '017', 'IT02L1234512345123456789021', 
    8);
Insert into CONCERTI
   (ID_CONCERTO, NOME_CONCERTO, DATA_CONCERTO, ARTISTA, CODICE_IBAN, 
    ID_STRUTTURA)
 Values
   (13, 'Eros tour', TO_DATE('24/09/2004', 'DD/MM/YYYY'), '017', 'IT02L1234512345123456789012', 
    3);
Insert into CONCERTI
   (ID_CONCERTO, NOME_CONCERTO, DATA_CONCERTO, ARTISTA, CODICE_IBAN, 
    ID_STRUTTURA)
 Values
   (14, 'Renato Zero in Arena', TO_DATE('16/12/2015', 'DD/MM/YYYY'), '020', 'IT02L1234512345123456789012', 
    6);
Insert into CONCERTI
   (ID_CONCERTO, NOME_CONCERTO, DATA_CONCERTO, ARTISTA, CODICE_IBAN, 
    ID_STRUTTURA)
 Values
   (15, 'Vasco live kom 011', TO_DATE('17/03/2011', 'DD/MM/YYYY'), '010', 'IT02L1234512345123456789014', 
    8);
Insert into CONCERTI
   (ID_CONCERTO, NOME_CONCERTO, DATA_CONCERTO, ARTISTA, CODICE_IBAN, 
    ID_STRUTTURA)
 Values
   (16, 'Tutte storie', TO_DATE('17/12/2015', 'DD/MM/YYYY'), '017', 'IT02L1234512345123456789012', 
    9);
Insert into CONCERTI
   (ID_CONCERTO, NOME_CONCERTO, DATA_CONCERTO, ARTISTA, CODICE_IBAN, 
    ID_STRUTTURA)
 Values
   (17, 'Terraferma', TO_DATE('10/11/2012', 'DD/MM/YYYY'), '016', 'IT02L1234512345123456789012', 
    10);
Insert into CONCERTI
   (ID_CONCERTO, NOME_CONCERTO, DATA_CONCERTO, ARTISTA, CODICE_IBAN, 
    ID_STRUTTURA)
 Values
   (18, 'Eros tour', TO_DATE('25/09/2004', 'DD/MM/YYYY'), '017', 'IT02L1234512345123456789018', 
    3);
Insert into CONCERTI
   (ID_CONCERTO, NOME_CONCERTO, DATA_CONCERTO, ARTISTA, CODICE_IBAN, 
    ID_STRUTTURA)
 Values
   (19, 'Renato Zero in Arena', TO_DATE('02/02/2016', 'DD/MM/YYYY'), '020', 'IT02L1234512345123456789022', 
    6);
Insert into CONCERTI
   (ID_CONCERTO, NOME_CONCERTO, DATA_CONCERTO, ARTISTA, CODICE_IBAN, 
    ID_STRUTTURA)
 Values
   (20, 'Strada facendo', TO_DATE('26/08/2009', 'DD/MM/YYYY'), '018', 'IT02L1234512345123456789013', 
    3);
Insert into CONCERTI
   (ID_CONCERTO, NOME_CONCERTO, DATA_CONCERTO, ARTISTA, CODICE_IBAN, 
    ID_STRUTTURA)
 Values
   (21, 'Vai mo', TO_DATE('17/01/2001', 'DD/MM/YYYY'), '013', 'IT02L1234512345123456789014', 
    11);
Insert into CONCERTI
   (ID_CONCERTO, NOME_CONCERTO, DATA_CONCERTO, ARTISTA, CODICE_IBAN, 
    ID_STRUTTURA)
 Values
   (22, 'Mentre tutto scorre', TO_DATE('26/04/2004', 'DD/MM/YYYY'), '011', 'IT02L1234512345123456789012', 
    8);
Insert into CONCERTI
   (ID_CONCERTO, NOME_CONCERTO, DATA_CONCERTO, ARTISTA, CODICE_IBAN, 
    ID_STRUTTURA)
 Values
   (23, 'Liberi Liberi tour', TO_DATE('15/03/2004', 'DD/MM/YYYY'), '010', 'IT02L1234512345123456789012', 
    12);
Insert into CONCERTI
   (ID_CONCERTO, NOME_CONCERTO, DATA_CONCERTO, ARTISTA, CODICE_IBAN, 
    ID_STRUTTURA)
 Values
   (24, 'Ligabue tour', TO_DATE('29/05/2004', 'DD/MM/YYYY'), '003', 'IT02L1234512345123456789020', 
    13);
Insert into CONCERTI
   (ID_CONCERTO, NOME_CONCERTO, DATA_CONCERTO, ARTISTA, CODICE_IBAN, 
    ID_STRUTTURA)
 Values
   (25, 'Eros tour', TO_DATE('26/09/2004', 'DD/MM/YYYY'), '017', 'IT02L1234512345123456789017', 
    2);
Insert into CONCERTI
   (ID_CONCERTO, NOME_CONCERTO, DATA_CONCERTO, ARTISTA, CODICE_IBAN, 
    ID_STRUTTURA)
 Values
   (26, 'Vai mo', TO_DATE('26/01/2001', 'DD/MM/YYYY'), '013', 'IT02L1234512345123456789010', 
    1);
Insert into CONCERTI
   (ID_CONCERTO, NOME_CONCERTO, DATA_CONCERTO, ARTISTA, CODICE_IBAN, 
    ID_STRUTTURA)
 Values
   (27, 'Eros tour', TO_DATE('21/06/2020', 'DD/MM/YYYY'), '017', 'IT02L1234512345123456789012', 
    1);
Insert into CONCERTI
   (ID_CONCERTO, NOME_CONCERTO, DATA_CONCERTO, ARTISTA, CODICE_IBAN, 
    ID_STRUTTURA)
 Values
   (28, 'Infinito tour', TO_DATE('22/06/2020', 'DD/MM/YYYY'), '022', 'IT02L1234512345123456789012', 
    1);
 
 
Insert into PROMOZIONE
   (ID_PROMOZIONE, ID_CONCERTO, INIZIO_PROMOZIONE, DURATA)
 Values
   (1, 1, TO_DATE('14/04/2004', 'DD/MM/YYYY'), TO_DATE('14/05/2004', 'DD/MM/YYYY'));
Insert into PROMOZIONE
   (ID_PROMOZIONE, ID_CONCERTO, INIZIO_PROMOZIONE, DURATA)
 Values
   (2, 2, TO_DATE('16/04/2004', 'DD/MM/YYYY'), TO_DATE('15/05/2004', 'DD/MM/YYYY'));
Insert into PROMOZIONE
   (ID_PROMOZIONE, ID_CONCERTO, INIZIO_PROMOZIONE, DURATA)
 Values
   (3, 9, TO_DATE('02/01/2016', 'DD/MM/YYYY'), TO_DATE('02/03/2016', 'DD/MM/YYYY'));
Insert into PROMOZIONE
   (ID_PROMOZIONE, ID_CONCERTO, INIZIO_PROMOZIONE, DURATA)
 Values
   (4, 3, TO_DATE('16/04/2004', 'DD/MM/YYYY'), TO_DATE('16/05/2004', 'DD/MM/YYYY'));
Insert into PROMOZIONE
   (ID_PROMOZIONE, ID_CONCERTO, INIZIO_PROMOZIONE, DURATA)
 Values
   (5, 4, TO_DATE('29/03/2004', 'DD/MM/YYYY'), TO_DATE('29/04/2004', 'DD/MM/YYYY'));
Insert into PROMOZIONE
   (ID_PROMOZIONE, ID_CONCERTO, INIZIO_PROMOZIONE, DURATA)
 Values
   (6, 5, TO_DATE('27/03/2004', 'DD/MM/YYYY'), TO_DATE('27/04/2004', 'DD/MM/YYYY'));
Insert into PROMOZIONE
   (ID_PROMOZIONE, ID_CONCERTO, INIZIO_PROMOZIONE, DURATA)
 Values
   (33, 24, TO_DATE('28/04/2004', 'DD/MM/YYYY'), TO_DATE('28/05/2004', 'DD/MM/YYYY'));
Insert into PROMOZIONE
   (ID_PROMOZIONE, ID_CONCERTO, INIZIO_PROMOZIONE, DURATA)
 Values
   (8, 5, TO_DATE('28/03/2004', 'DD/MM/YYYY'), TO_DATE('26/04/2004', 'DD/MM/YYYY'));
Insert into PROMOZIONE
   (ID_PROMOZIONE, ID_CONCERTO, INIZIO_PROMOZIONE, DURATA)
 Values
   (9, 6, TO_DATE('03/09/2004', 'DD/MM/YYYY'), TO_DATE('02/10/2004', 'DD/MM/YYYY'));
Insert into PROMOZIONE
   (ID_PROMOZIONE, ID_CONCERTO, INIZIO_PROMOZIONE, DURATA)
 Values
   (10, 7, TO_DATE('05/09/2004', 'DD/MM/YYYY'), TO_DATE('04/10/2004', 'DD/MM/YYYY'));
Insert into PROMOZIONE
   (ID_PROMOZIONE, ID_CONCERTO, INIZIO_PROMOZIONE, DURATA)
 Values
   (11, 8, TO_DATE('01/09/2004', 'DD/MM/YYYY'), TO_DATE('30/09/2004', 'DD/MM/YYYY'));
Insert into PROMOZIONE
   (ID_PROMOZIONE, ID_CONCERTO, INIZIO_PROMOZIONE, DURATA)
 Values
   (12, 10, TO_DATE('03/01/2016', 'DD/MM/YYYY'), TO_DATE('04/02/2016', 'DD/MM/YYYY'));
Insert into PROMOZIONE
   (ID_PROMOZIONE, ID_CONCERTO, INIZIO_PROMOZIONE, DURATA)
 Values
   (13, 11, TO_DATE('05/01/2001', 'DD/MM/YYYY'), TO_DATE('04/02/2001', 'DD/MM/YYYY'));
Insert into PROMOZIONE
   (ID_PROMOZIONE, ID_CONCERTO, INIZIO_PROMOZIONE, DURATA)
 Values
   (14, 12, TO_DATE('17/11/2015', 'DD/MM/YYYY'), TO_DATE('15/12/2015', 'DD/MM/YYYY'));
Insert into PROMOZIONE
   (ID_PROMOZIONE, ID_CONCERTO, INIZIO_PROMOZIONE, DURATA)
 Values
   (15, 17, TO_DATE('10/10/2012', 'DD/MM/YYYY'), TO_DATE('09/11/2012', 'DD/MM/YYYY'));
Insert into PROMOZIONE
   (ID_PROMOZIONE, ID_CONCERTO, INIZIO_PROMOZIONE, DURATA)
 Values
   (16, 13, TO_DATE('25/08/2004', 'DD/MM/YYYY'), TO_DATE('23/09/2004', 'DD/MM/YYYY'));
Insert into PROMOZIONE
   (ID_PROMOZIONE, ID_CONCERTO, INIZIO_PROMOZIONE, DURATA)
 Values
   (17, 14, TO_DATE('15/11/2015', 'DD/MM/YYYY'), TO_DATE('15/12/2015', 'DD/MM/YYYY'));
Insert into PROMOZIONE
   (ID_PROMOZIONE, ID_CONCERTO, INIZIO_PROMOZIONE, DURATA)
 Values
   (18, 20, TO_DATE('26/07/2009', 'DD/MM/YYYY'), TO_DATE('25/08/2009', 'DD/MM/YYYY'));
Insert into PROMOZIONE
   (ID_PROMOZIONE, ID_CONCERTO, INIZIO_PROMOZIONE, DURATA)
 Values
   (19, 21, TO_DATE('17/12/2000', 'DD/MM/YYYY'), TO_DATE('16/01/2001', 'DD/MM/YYYY'));
Insert into PROMOZIONE
   (ID_PROMOZIONE, ID_CONCERTO, INIZIO_PROMOZIONE, DURATA)
 Values
   (20, 22, TO_DATE('26/03/2004', 'DD/MM/YYYY'), TO_DATE('25/04/2004', 'DD/MM/YYYY'));
Insert into PROMOZIONE
   (ID_PROMOZIONE, ID_CONCERTO, INIZIO_PROMOZIONE, DURATA)
 Values
   (21, 23, TO_DATE('15/02/2004', 'DD/MM/YYYY'), TO_DATE('14/03/2004', 'DD/MM/YYYY'));
Insert into PROMOZIONE
   (ID_PROMOZIONE, ID_CONCERTO, INIZIO_PROMOZIONE, DURATA)
 Values
   (22, 18, TO_DATE('24/08/2004', 'DD/MM/YYYY'), TO_DATE('24/09/2004', 'DD/MM/YYYY'));
Insert into PROMOZIONE
   (ID_PROMOZIONE, ID_CONCERTO, INIZIO_PROMOZIONE, DURATA)
 Values
   (23, 26, TO_DATE('26/12/2000', 'DD/MM/YYYY'), TO_DATE('25/01/2001', 'DD/MM/YYYY'));
Insert into PROMOZIONE
   (ID_PROMOZIONE, ID_CONCERTO, INIZIO_PROMOZIONE, DURATA)
 Values
   (24, 15, TO_DATE('17/02/2011', 'DD/MM/YYYY'), TO_DATE('16/03/2011', 'DD/MM/YYYY'));
Insert into PROMOZIONE
   (ID_PROMOZIONE, ID_CONCERTO, INIZIO_PROMOZIONE, DURATA)
 Values
   (25, 14, TO_DATE('16/11/2015', 'DD/MM/YYYY'), TO_DATE('15/12/2015', 'DD/MM/YYYY'));
Insert into PROMOZIONE
   (ID_PROMOZIONE, ID_CONCERTO, INIZIO_PROMOZIONE, DURATA)
 Values
   (26, 25, TO_DATE('25/08/2004', 'DD/MM/YYYY'), TO_DATE('25/09/2004', 'DD/MM/YYYY'));
Insert into PROMOZIONE
   (ID_PROMOZIONE, ID_CONCERTO, INIZIO_PROMOZIONE, DURATA)
 Values
   (27, 3, TO_DATE('16/03/2004', 'DD/MM/YYYY'), TO_DATE('16/04/2004', 'DD/MM/YYYY'));
Insert into PROMOZIONE
   (ID_PROMOZIONE, ID_CONCERTO, INIZIO_PROMOZIONE, DURATA)
 Values
   (28, 16, TO_DATE('16/11/2015', 'DD/MM/YYYY'), TO_DATE('16/12/2015', 'DD/MM/YYYY'));
Insert into PROMOZIONE
   (ID_PROMOZIONE, ID_CONCERTO, INIZIO_PROMOZIONE, DURATA)
 Values
   (29, 25, TO_DATE('25/08/2004', 'DD/MM/YYYY'), TO_DATE('25/09/2004', 'DD/MM/YYYY'));
Insert into PROMOZIONE
   (ID_PROMOZIONE, ID_CONCERTO, INIZIO_PROMOZIONE, DURATA)
 Values
   (30, 14, TO_DATE('15/11/2015', 'DD/MM/YYYY'), TO_DATE('15/12/2015', 'DD/MM/YYYY'));
Insert into PROMOZIONE
   (ID_PROMOZIONE, ID_CONCERTO, INIZIO_PROMOZIONE, DURATA)
 Values
   (31, 27, TO_DATE('20/05/2020', 'DD/MM/YYYY'), TO_DATE('20/06/2020', 'DD/MM/YYYY'));
Insert into PROMOZIONE
   (ID_PROMOZIONE, ID_CONCERTO, INIZIO_PROMOZIONE, DURATA)
 Values
   (32, 28, TO_DATE('21/06/2020', 'DD/MM/YYYY'), TO_DATE('21/06/2020', 'DD/MM/YYYY'));
 
Insert into TIPOLOGIA_PROMOZIONE
   (ID_TIPO_PROMOZIONE, ID_PROMOZIONE, TIPO_PROMOZIONE)
 Values
   (1, 1, 'Televisiva');
Insert into TIPOLOGIA_PROMOZIONE
   (ID_TIPO_PROMOZIONE, ID_PROMOZIONE, TIPO_PROMOZIONE)
 Values
   (2, 2, 'Riviste');
Insert into TIPOLOGIA_PROMOZIONE
   (ID_TIPO_PROMOZIONE, ID_PROMOZIONE, TIPO_PROMOZIONE)
 Values
   (3, 3, 'Radiofonica');
Insert into TIPOLOGIA_PROMOZIONE
   (ID_TIPO_PROMOZIONE, ID_PROMOZIONE, TIPO_PROMOZIONE)
 Values
   (4, 4, 'Riviste');
Insert into TIPOLOGIA_PROMOZIONE
   (ID_TIPO_PROMOZIONE, ID_PROMOZIONE, TIPO_PROMOZIONE)
 Values
   (5, 5, 'Radiofonica');
Insert into TIPOLOGIA_PROMOZIONE
   (ID_TIPO_PROMOZIONE, ID_PROMOZIONE, TIPO_PROMOZIONE)
 Values
   (6, 6, 'Televisiva');

Insert into TIPOLOGIA_PROMOZIONE
   (ID_TIPO_PROMOZIONE, ID_PROMOZIONE, TIPO_PROMOZIONE)
 Values
   (8, 8, 'Riviste');
Insert into TIPOLOGIA_PROMOZIONE
   (ID_TIPO_PROMOZIONE, ID_PROMOZIONE, TIPO_PROMOZIONE)
 Values
   (9, 9, 'Televisiva');
Insert into TIPOLOGIA_PROMOZIONE
   (ID_TIPO_PROMOZIONE, ID_PROMOZIONE, TIPO_PROMOZIONE)
 Values
   (10, 10, 'Radiofonica');
Insert into TIPOLOGIA_PROMOZIONE
   (ID_TIPO_PROMOZIONE, ID_PROMOZIONE, TIPO_PROMOZIONE)
 Values
   (11, 11, 'Televisiva');
Insert into TIPOLOGIA_PROMOZIONE
   (ID_TIPO_PROMOZIONE, ID_PROMOZIONE, TIPO_PROMOZIONE)
 Values
   (12, 12, 'Riviste');
Insert into TIPOLOGIA_PROMOZIONE
   (ID_TIPO_PROMOZIONE, ID_PROMOZIONE, TIPO_PROMOZIONE)
 Values
   (13, 13, 'Televisiva');
Insert into TIPOLOGIA_PROMOZIONE
   (ID_TIPO_PROMOZIONE, ID_PROMOZIONE, TIPO_PROMOZIONE)
 Values
   (14, 14, 'Radiofonica');
Insert into TIPOLOGIA_PROMOZIONE
   (ID_TIPO_PROMOZIONE, ID_PROMOZIONE, TIPO_PROMOZIONE)
 Values
   (15, 15, 'Riviste');
Insert into TIPOLOGIA_PROMOZIONE
   (ID_TIPO_PROMOZIONE, ID_PROMOZIONE, TIPO_PROMOZIONE)
 Values
   (16, 16, 'Televisiva');
Insert into TIPOLOGIA_PROMOZIONE
   (ID_TIPO_PROMOZIONE, ID_PROMOZIONE, TIPO_PROMOZIONE)
 Values
   (17, 17, 'Radiofonica');
Insert into TIPOLOGIA_PROMOZIONE
   (ID_TIPO_PROMOZIONE, ID_PROMOZIONE, TIPO_PROMOZIONE)
 Values
   (18, 18, 'Riviste');
Insert into TIPOLOGIA_PROMOZIONE
   (ID_TIPO_PROMOZIONE, ID_PROMOZIONE, TIPO_PROMOZIONE)
 Values
   (19, 19, 'Televisiva');
Insert into TIPOLOGIA_PROMOZIONE
   (ID_TIPO_PROMOZIONE, ID_PROMOZIONE, TIPO_PROMOZIONE)
 Values
   (20, 20, 'Televisiva');
Insert into TIPOLOGIA_PROMOZIONE
   (ID_TIPO_PROMOZIONE, ID_PROMOZIONE, TIPO_PROMOZIONE)
 Values
   (21, 21, 'Riviste');
Insert into TIPOLOGIA_PROMOZIONE
   (ID_TIPO_PROMOZIONE, ID_PROMOZIONE, TIPO_PROMOZIONE)
 Values
   (22, 22, 'Radiofonica');
Insert into TIPOLOGIA_PROMOZIONE
   (ID_TIPO_PROMOZIONE, ID_PROMOZIONE, TIPO_PROMOZIONE)
 Values
   (23, 23, 'Televisiva');
Insert into TIPOLOGIA_PROMOZIONE
   (ID_TIPO_PROMOZIONE, ID_PROMOZIONE, TIPO_PROMOZIONE)
 Values
   (24, 24, 'Riviste');
Insert into TIPOLOGIA_PROMOZIONE
   (ID_TIPO_PROMOZIONE, ID_PROMOZIONE, TIPO_PROMOZIONE)
 Values
   (25, 25, 'Radiofonica');
Insert into TIPOLOGIA_PROMOZIONE
   (ID_TIPO_PROMOZIONE, ID_PROMOZIONE, TIPO_PROMOZIONE)
 Values
   (26, 26, 'Televisiva');
Insert into TIPOLOGIA_PROMOZIONE
   (ID_TIPO_PROMOZIONE, ID_PROMOZIONE, TIPO_PROMOZIONE)
 Values
   (27, 27, 'Televisiva');
Insert into TIPOLOGIA_PROMOZIONE
   (ID_TIPO_PROMOZIONE, ID_PROMOZIONE, TIPO_PROMOZIONE)
 Values
   (28, 28, 'Radiofonica');
Insert into TIPOLOGIA_PROMOZIONE
   (ID_TIPO_PROMOZIONE, ID_PROMOZIONE, TIPO_PROMOZIONE)
 Values
   (29, 29, 'Televisiva');
Insert into TIPOLOGIA_PROMOZIONE
   (ID_TIPO_PROMOZIONE, ID_PROMOZIONE, TIPO_PROMOZIONE)
 Values
   (30, 30, 'Televisiva');
Insert into TIPOLOGIA_PROMOZIONE
   (ID_TIPO_PROMOZIONE, ID_PROMOZIONE, TIPO_PROMOZIONE)
 Values
   (31, 29, 'Radiofonica');
Insert into TIPOLOGIA_PROMOZIONE
   (ID_TIPO_PROMOZIONE, ID_PROMOZIONE, TIPO_PROMOZIONE)
 Values
   (32, 31, 'Televisiva');
Insert into TIPOLOGIA_PROMOZIONE
   (ID_TIPO_PROMOZIONE, ID_PROMOZIONE, TIPO_PROMOZIONE)
 Values
   (33, 32, 'Televisiva');
Insert into TIPOLOGIA_PROMOZIONE
   (ID_TIPO_PROMOZIONE, ID_PROMOZIONE, TIPO_PROMOZIONE)
 Values
   (35, 22, 'Riviste');
 

Insert into MANAGER
   (CF_MANAGER, NOME_MANAGER, COGNOME_MANAGER, DATA_NASCITA, SESSO_MANAGER)
 Values
   ('CODFIS0000000001', 'Giuseppe', 'Musso', TO_DATE('10/01/1980', 'DD/MM/YYYY'), 'M');
Insert into MANAGER
   (CF_MANAGER, NOME_MANAGER, COGNOME_MANAGER, DATA_NASCITA, SESSO_MANAGER)
 Values
   ('CODFIS0000000002', 'Maria', 'Cerrato', TO_DATE('15/02/1985', 'DD/MM/YYYY'), 'f');
Insert into MANAGER
   (CF_MANAGER, NOME_MANAGER, COGNOME_MANAGER, DATA_NASCITA, SESSO_MANAGER)
 Values
   ('CODFIS0000000003', 'Andrea', 'Ferrero', TO_DATE('24/03/1990', 'DD/MM/YYYY'), 'm');
Insert into MANAGER
   (CF_MANAGER, NOME_MANAGER, COGNOME_MANAGER, DATA_NASCITA, SESSO_MANAGER)
 Values
   ('CODFIS0000000004', 'Antonello', 'Da Messina', TO_DATE('28/04/1992', 'DD/MM/YYYY'), 'm');
Insert into MANAGER
   (CF_MANAGER, NOME_MANAGER, COGNOME_MANAGER, DATA_NASCITA, SESSO_MANAGER)
 Values
   ('CODFIS0000000005', 'Antonio', 'Colucci', TO_DATE('31/03/1998', 'DD/MM/YYYY'), 'M');
Insert into MANAGER
   (CF_MANAGER, NOME_MANAGER, COGNOME_MANAGER, DATA_NASCITA, SESSO_MANAGER)
 Values
   ('CODFIS0000000006', 'Salvatore', 'Starace', TO_DATE('20/06/1999', 'DD/MM/YYYY'), 'M');
Insert into MANAGER
   (CF_MANAGER, NOME_MANAGER, COGNOME_MANAGER, DATA_NASCITA, SESSO_MANAGER)
 Values
   ('CODFIS0000000007', 'Martina', 'Buffa', TO_DATE('20/05/1999', 'DD/MM/YYYY'), 'F');
Insert into MANAGER
   (CF_MANAGER, NOME_MANAGER, COGNOME_MANAGER, DATA_NASCITA, SESSO_MANAGER)
 Values
   ('CODFIS0000000008', 'Antonio', 'Sarno', TO_DATE('17/09/1997', 'DD/MM/YYYY'), 'm');
Insert into MANAGER
   (CF_MANAGER, NOME_MANAGER, COGNOME_MANAGER, DATA_NASCITA, SESSO_MANAGER)
 Values
   ('CODFIS0000000009', 'Jonathan', 'De Michele', TO_DATE('12/10/1992', 'DD/MM/YYYY'), 'M');
Insert into MANAGER
   (CF_MANAGER, NOME_MANAGER, COGNOME_MANAGER, DATA_NASCITA, SESSO_MANAGER)
 Values
   ('CODFIS0000000010', 'Simone', 'Guzzo', TO_DATE('05/12/1997', 'DD/MM/YYYY'), 'M');
Insert into MANAGER
   (CF_MANAGER, NOME_MANAGER, COGNOME_MANAGER, DATA_NASCITA, SESSO_MANAGER)
 Values
   ('CODFIS0000000011', 'Damiano', 'Canzonieri', TO_DATE('19/09/1990', 'DD/MM/YYYY'), 'M');
Insert into MANAGER
   (CF_MANAGER, NOME_MANAGER, COGNOME_MANAGER, DATA_NASCITA, SESSO_MANAGER)
 Values
   ('CODFIS0000000012', 'Domenico', 'Vallefuoco', TO_DATE('15/04/1982', 'DD/MM/YYYY'), 'M');
Insert into MANAGER
   (CF_MANAGER, NOME_MANAGER, COGNOME_MANAGER, DATA_NASCITA, SESSO_MANAGER)
 Values
   ('CODFIS0000000013', 'Sofia', 'Ruggieri', TO_DATE('30/08/1987', 'DD/MM/YYYY'), 'F');
Insert into MANAGER
   (CF_MANAGER, NOME_MANAGER, COGNOME_MANAGER, DATA_NASCITA, SESSO_MANAGER)
 Values
   ('CODFIS0000000014', 'Rosanna', 'Di Domenico', TO_DATE('03/01/1973', 'DD/MM/YYYY'), 'F');
Insert into MANAGER
   (CF_MANAGER, NOME_MANAGER, COGNOME_MANAGER, DATA_NASCITA, SESSO_MANAGER)
 Values
   ('CODFIS0000000015', 'Noemi', 'Ferlanti', TO_DATE('24/10/1988', 'DD/MM/YYYY'), 'F');
 



Insert into CONTRATTO
   (ID_CONTRATTO, INIZIO_CONTRATTO, STIPENDIO_ARTISTA, DURATA_CONTRATTO, ARTISTA, 
    MANAGER, STIPENDIO_MANAGER)
 Values
   (1, TO_DATE('20/06/2020', 'DD/MM/YYYY'), 1000, TO_DATE('01/01/2017', 'DD/MM/YYYY'), '017', 
    'CODFIS0000000002', 1200);
Insert into CONTRATTO
   (ID_CONTRATTO, INIZIO_CONTRATTO, STIPENDIO_ARTISTA, DURATA_CONTRATTO, ARTISTA, 
    MANAGER, STIPENDIO_MANAGER)
 Values
   (2, TO_DATE('01/01/2017', 'DD/MM/YYYY'), 1200, TO_DATE('01/01/2022', 'DD/MM/YYYY'), '002', 
    'CODFIS0000000001', 1200);
Insert into CONTRATTO
   (ID_CONTRATTO, INIZIO_CONTRATTO, STIPENDIO_ARTISTA, DURATA_CONTRATTO, ARTISTA, 
    MANAGER, STIPENDIO_MANAGER)
 Values
   (3, TO_DATE('05/02/2010', 'DD/MM/YYYY'), 1500, TO_DATE('05/02/2015', 'DD/MM/YYYY'), '003', 
    'CODFIS0000000002', 1200);
Insert into CONTRATTO
   (ID_CONTRATTO, INIZIO_CONTRATTO, STIPENDIO_ARTISTA, DURATA_CONTRATTO, ARTISTA, 
    MANAGER, STIPENDIO_MANAGER)
 Values
   (4, TO_DATE('06/02/2015', 'DD/MM/YYYY'), 1800, TO_DATE('06/02/2020', 'DD/MM/YYYY'), '003', 
    'CODFIS0000000003', 1500);
Insert into CONTRATTO
   (ID_CONTRATTO, INIZIO_CONTRATTO, STIPENDIO_ARTISTA, DURATA_CONTRATTO, ARTISTA, 
    MANAGER, STIPENDIO_MANAGER)
 Values
   (5, TO_DATE('06/03/2018', 'DD/MM/YYYY'), 2000, TO_DATE('06/03/2023', 'DD/MM/YYYY'), '006', 
    'CODFIS0000000006', 950);
Insert into CONTRATTO
   (ID_CONTRATTO, INIZIO_CONTRATTO, STIPENDIO_ARTISTA, DURATA_CONTRATTO, ARTISTA, 
    MANAGER, STIPENDIO_MANAGER)
 Values
   (6, TO_DATE('21/11/2016', 'DD/MM/YYYY'), 4000, TO_DATE('21/11/2021', 'DD/MM/YYYY'), '007', 
    'CODFIS0000000007', 600);
Insert into CONTRATTO
   (ID_CONTRATTO, INIZIO_CONTRATTO, STIPENDIO_ARTISTA, DURATA_CONTRATTO, ARTISTA, 
    MANAGER, STIPENDIO_MANAGER)
 Values
   (7, TO_DATE('15/06/2009', 'DD/MM/YYYY'), 1700, TO_DATE('15/06/2014', 'DD/MM/YYYY'), '008', 
    'CODFIS0000000002', 1000);
Insert into CONTRATTO
   (ID_CONTRATTO, INIZIO_CONTRATTO, STIPENDIO_ARTISTA, DURATA_CONTRATTO, ARTISTA, 
    MANAGER, STIPENDIO_MANAGER)
 Values
   (8, TO_DATE('01/05/2020', 'DD/MM/YYYY'), 1900, TO_DATE('01/05/2025', 'DD/MM/YYYY'), '008', 
    'CODFIS0000000010', 1200);
Insert into CONTRATTO
   (ID_CONTRATTO, INIZIO_CONTRATTO, STIPENDIO_ARTISTA, DURATA_CONTRATTO, ARTISTA, 
    MANAGER, STIPENDIO_MANAGER)
 Values
   (9, TO_DATE('30/06/2020', 'DD/MM/YYYY'), 1500, TO_DATE('30/06/2025', 'DD/MM/YYYY'), '009', 
    'CODFIS0000000005', 1000);
Insert into CONTRATTO
   (ID_CONTRATTO, INIZIO_CONTRATTO, STIPENDIO_ARTISTA, DURATA_CONTRATTO, ARTISTA, 
    MANAGER, STIPENDIO_MANAGER)
 Values
   (10, TO_DATE('20/10/2018', 'DD/MM/YYYY'), 3000, TO_DATE('20/10/2023', 'DD/MM/YYYY'), '010', 
    'CODFIS0000000009', 1400);
Insert into CONTRATTO
   (ID_CONTRATTO, INIZIO_CONTRATTO, STIPENDIO_ARTISTA, DURATA_CONTRATTO, ARTISTA, 
    MANAGER, STIPENDIO_MANAGER)
 Values
   (11, TO_DATE('22/11/2017', 'DD/MM/YYYY'), 6000, TO_DATE('22/11/2022', 'DD/MM/YYYY'), '011', 
    'CODFIS0000000008', 1000);
Insert into CONTRATTO
   (ID_CONTRATTO, INIZIO_CONTRATTO, STIPENDIO_ARTISTA, DURATA_CONTRATTO, ARTISTA, 
    MANAGER, STIPENDIO_MANAGER)
 Values
   (12, TO_DATE('28/01/2020', 'DD/MM/YYYY'), 1500, TO_DATE('28/01/2025', 'DD/MM/YYYY'), '012', 
    'CODFIS0000000004', 1100);
Insert into CONTRATTO
   (ID_CONTRATTO, INIZIO_CONTRATTO, STIPENDIO_ARTISTA, DURATA_CONTRATTO, ARTISTA, 
    MANAGER, STIPENDIO_MANAGER)
 Values
   (13, TO_DATE('15/04/2000', 'DD/MM/YYYY'), 1800, TO_DATE('15/04/2005', 'DD/MM/YYYY'), '013', 
    'CODFIS0000000001', 1200);
Insert into CONTRATTO
   (ID_CONTRATTO, INIZIO_CONTRATTO, STIPENDIO_ARTISTA, DURATA_CONTRATTO, ARTISTA, 
    MANAGER, STIPENDIO_MANAGER)
 Values
   (14, TO_DATE('10/07/2009', 'DD/MM/YYYY'), 2000, TO_DATE('10/07/2014', 'DD/MM/YYYY'), '013', 
    'CODFIS0000000002', 1500);
Insert into CONTRATTO
   (ID_CONTRATTO, INIZIO_CONTRATTO, STIPENDIO_ARTISTA, DURATA_CONTRATTO, ARTISTA, 
    MANAGER, STIPENDIO_MANAGER)
 Values
   (15, TO_DATE('13/05/2016', 'DD/MM/YYYY'), 2500, TO_DATE('13/05/2021', 'DD/MM/YYYY'), '014', 
    'CODFIS0000000007', 1500);
Insert into CONTRATTO
   (ID_CONTRATTO, INIZIO_CONTRATTO, STIPENDIO_ARTISTA, DURATA_CONTRATTO, ARTISTA, 
    MANAGER, STIPENDIO_MANAGER)
 Values
   (16, TO_DATE('07/12/2017', 'DD/MM/YYYY'), 1700, TO_DATE('07/12/2022', 'DD/MM/YYYY'), '015', 
    'CODFIS0000000005', 1300);
Insert into CONTRATTO
   (ID_CONTRATTO, INIZIO_CONTRATTO, STIPENDIO_ARTISTA, DURATA_CONTRATTO, ARTISTA, 
    MANAGER, STIPENDIO_MANAGER)
 Values
   (17, TO_DATE('09/01/2018', 'DD/MM/YYYY'), 1800, TO_DATE('09/01/2023', 'DD/MM/YYYY'), '016', 
    'CODFIS0000000006', 1100);
Insert into CONTRATTO
   (ID_CONTRATTO, INIZIO_CONTRATTO, STIPENDIO_ARTISTA, DURATA_CONTRATTO, ARTISTA, 
    MANAGER, STIPENDIO_MANAGER)
 Values
   (18, TO_DATE('30/09/2012', 'DD/MM/YYYY'), 2050, TO_DATE('30/09/2017', 'DD/MM/YYYY'), '021', 
    'CODFIS0000000008', 1200);
Insert into CONTRATTO
   (ID_CONTRATTO, INIZIO_CONTRATTO, STIPENDIO_ARTISTA, DURATA_CONTRATTO, ARTISTA, 
    MANAGER, STIPENDIO_MANAGER)
 Values
   (19, TO_DATE('01/10/2017', 'DD/MM/YYYY'), 2200, TO_DATE('01/10/2022', 'DD/MM/YYYY'), '021', 
    'CODFIS0000000008', 1400);
Insert into CONTRATTO
   (ID_CONTRATTO, INIZIO_CONTRATTO, STIPENDIO_ARTISTA, DURATA_CONTRATTO, ARTISTA, 
    MANAGER, STIPENDIO_MANAGER)
 Values
   (20, TO_DATE('30/03/2019', 'DD/MM/YYYY'), 1400, TO_DATE('30/03/2024', 'DD/MM/YYYY'), '020', 
    'CODFIS0000000003', 1000);
Insert into CONTRATTO
   (ID_CONTRATTO, INIZIO_CONTRATTO, STIPENDIO_ARTISTA, DURATA_CONTRATTO, ARTISTA, 
    MANAGER, STIPENDIO_MANAGER)
 Values
   (21, TO_DATE('15/04/2016', 'DD/MM/YYYY'), 1500, TO_DATE('15/04/2021', 'DD/MM/YYYY'), '018', 
    'CODFIS0000000009', 1400);
Insert into CONTRATTO
   (ID_CONTRATTO, INIZIO_CONTRATTO, STIPENDIO_ARTISTA, DURATA_CONTRATTO, ARTISTA, 
    MANAGER, STIPENDIO_MANAGER)
 Values
   (22, TO_DATE('22/06/2020', 'DD/MM/YYYY'), 8700, TO_DATE('15/03/2022', 'DD/MM/YYYY'), '017', 
    'CODFIS0000000002', 1300);
Insert into CONTRATTO
   (ID_CONTRATTO, INIZIO_CONTRATTO, STIPENDIO_ARTISTA, DURATA_CONTRATTO, ARTISTA, 
    MANAGER, STIPENDIO_MANAGER)
 Values
   (23, TO_DATE('15/06/2020', 'DD/MM/YYYY'), 77, TO_DATE('15/05/2030', 'DD/MM/YYYY'), '003', 
    'CODFIS0000000010', 88);
Insert into CONTRATTO
   (ID_CONTRATTO, INIZIO_CONTRATTO, STIPENDIO_ARTISTA, DURATA_CONTRATTO, ARTISTA, 
    MANAGER, STIPENDIO_MANAGER)
 Values
   (24, TO_DATE('15/06/2020', 'DD/MM/YYYY'), 77, TO_DATE('15/05/2030', 'DD/MM/YYYY'), '007', 
    'CODFIS0000000004', 88);
Insert into CONTRATTO
   (ID_CONTRATTO, INIZIO_CONTRATTO, STIPENDIO_ARTISTA, DURATA_CONTRATTO, ARTISTA, 
    MANAGER, STIPENDIO_MANAGER)
 Values
   (25, TO_DATE('31/12/2012', 'DD/MM/YYYY'), 1100, TO_DATE('31/12/2017', 'DD/MM/YYYY'), '002', 
    'CODFIS0000000011', 1000);
Insert into CONTRATTO
   (ID_CONTRATTO, INIZIO_CONTRATTO, STIPENDIO_ARTISTA, DURATA_CONTRATTO, ARTISTA, 
    MANAGER, STIPENDIO_MANAGER)
 Values
   (26, TO_DATE('05/03/2013', 'DD/MM/YYYY'), 1800, TO_DATE('05/03/2018', 'DD/MM/YYYY'), '006', 
    'CODFIS0000000012', 1100);
Insert into CONTRATTO
   (ID_CONTRATTO, INIZIO_CONTRATTO, STIPENDIO_ARTISTA, DURATA_CONTRATTO, ARTISTA, 
    MANAGER, STIPENDIO_MANAGER)
 Values
   (27, TO_DATE('20/11/2011', 'DD/MM/YYYY'), 3500, TO_DATE('20/11/2016', 'DD/MM/YYYY'), '007', 
    'CODFIS0000000013', 2000);
Insert into CONTRATTO
   (ID_CONTRATTO, INIZIO_CONTRATTO, STIPENDIO_ARTISTA, DURATA_CONTRATTO, ARTISTA, 
    MANAGER, STIPENDIO_MANAGER)
 Values
   (28, TO_DATE('29/06/2015', 'DD/MM/YYYY'), 1100, TO_DATE('29/06/2020', 'DD/MM/YYYY'), '009', 
    'CODFIS0000000014', 1800);
Insert into CONTRATTO
   (ID_CONTRATTO, INIZIO_CONTRATTO, STIPENDIO_ARTISTA, DURATA_CONTRATTO, ARTISTA, 
    MANAGER, STIPENDIO_MANAGER)
 Values
   (29, TO_DATE('19/10/2013', 'DD/MM/YYYY'), 1500, TO_DATE('19/10/2018', 'DD/MM/YYYY'), '010', 
    'CODFIS0000000015', 2000);
Insert into CONTRATTO
   (ID_CONTRATTO, INIZIO_CONTRATTO, STIPENDIO_ARTISTA, DURATA_CONTRATTO, ARTISTA, 
    MANAGER, STIPENDIO_MANAGER)
 Values
   (30, TO_DATE('28/07/2020', 'DD/MM/YYYY'), 2300, TO_DATE('28/05/2004', 'DD/MM/YYYY'), '020', 
    'CODFIS0000000011', 1775);
Insert into CONTRATTO
   (ID_CONTRATTO, INIZIO_CONTRATTO, STIPENDIO_ARTISTA, DURATA_CONTRATTO, ARTISTA, 
    MANAGER, STIPENDIO_MANAGER)
 Values
   (31, TO_DATE('22/06/2020', 'DD/MM/YYYY'), 3500, TO_DATE('22/06/2025', 'DD/MM/YYYY'), '022', 
    'CODFIS0000000007', 500);
 
Insert into ALBUM
   (ID_ALBUM, TITOLO, NUMERO_CANZONI, DURATA_ALBUM, GENERE, 
    DATA_USCITA, ARTISTA)
 Values
   ('A03', 'Non avere paura', 1, '00:04:07', 'Pop', 
    TO_DATE('25/09/2019', 'DD/MM/YYYY'), '002');
Insert into ALBUM
   (ID_ALBUM, TITOLO, NUMERO_CANZONI, DURATA_ALBUM, GENERE, 
    DATA_USCITA, ARTISTA)
 Values
   ('A04', 'I nostri anni', 1, '00:03:38', 'Pop', 
    TO_DATE('10/01/2020', 'DD/MM/YYYY'), '002');
Insert into ALBUM
   (ID_ALBUM, TITOLO, NUMERO_CANZONI, DURATA_ALBUM, GENERE, 
    DATA_USCITA, ARTISTA)
 Values
   ('A06', 'Ligabue', 4, '00:16:11', 'Rock and Roll', 
    TO_DATE('11/05/1995', 'DD/MM/YYYY'), '003');
Insert into ALBUM
   (ID_ALBUM, TITOLO, NUMERO_CANZONI, DURATA_ALBUM, GENERE, 
    DATA_USCITA, ARTISTA)
 Values
   ('A10', 'Bluesugar', 4, '00:17:57', 'Electric blue', 
    TO_DATE('05/11/1998', 'DD/MM/YYYY'), '006');
Insert into ALBUM
   (ID_ALBUM, TITOLO, NUMERO_CANZONI, DURATA_ALBUM, GENERE, 
    DATA_USCITA, ARTISTA)
 Values
   ('A11', 'Uomini soli', 3, '00:12:49', 'Pop', 
    TO_DATE('03/03/1990', 'DD/MM/YYYY'), '007');
Insert into ALBUM
   (ID_ALBUM, TITOLO, NUMERO_CANZONI, DURATA_ALBUM, GENERE, 
    DATA_USCITA, ARTISTA)
 Values
   ('A14', 'Simili', 5, '00:18:03', 'Pop', 
    TO_DATE('06/11/2016', 'DD/MM/YYYY'), '008');
Insert into ALBUM
   (ID_ALBUM, TITOLO, NUMERO_CANZONI, DURATA_ALBUM, GENERE, 
    DATA_USCITA, ARTISTA)
 Values
   ('A15', 'Andromeda', 1, '00:03:22', 'Pop', 
    TO_DATE('31/01/2020', 'DD/MM/YYYY'), '009');
Insert into ALBUM
   (ID_ALBUM, TITOLO, NUMERO_CANZONI, DURATA_ALBUM, GENERE, 
    DATA_USCITA, ARTISTA)
 Values
   ('A16', 'Liberi liberi', 5, '00:18:37', 'Hard Rock', 
    TO_DATE('24/06/1989', 'DD/MM/YYYY'), '010');
Insert into ALBUM
   (ID_ALBUM, TITOLO, NUMERO_CANZONI, DURATA_ALBUM, GENERE, 
    DATA_USCITA, ARTISTA)
 Values
   ('A18', 'Vado al massimo', 1, '00:04:11', 'Hard rock', 
    TO_DATE('13/04/1982', 'DD/MM/YYYY'), '010');
Insert into ALBUM
   (ID_ALBUM, TITOLO, NUMERO_CANZONI, DURATA_ALBUM, GENERE, 
    DATA_USCITA, ARTISTA)
 Values
   ('A19', 'Mentre tutto scorre', 5, '00:18:24', 'Rock alternativo', 
    TO_DATE('04/03/2005', 'DD/MM/YYYY'), '011');
Insert into ALBUM
   (ID_ALBUM, TITOLO, NUMERO_CANZONI, DURATA_ALBUM, GENERE, 
    DATA_USCITA, ARTISTA)
 Values
   ('A21', 'Pipes and flowers', 4, '00:17:43', 'Rock', 
    TO_DATE('22/09/1997', 'DD/MM/YYYY'), '012');
Insert into ALBUM
   (ID_ALBUM, TITOLO, NUMERO_CANZONI, DURATA_ALBUM, GENERE, 
    DATA_USCITA, ARTISTA)
 Values
   ('A23', 'Se piovesse il tuo nome', 1, '00:03:20', 'Pop', 
    TO_DATE('26/10/2018', 'DD/MM/YYYY'), '012');
Insert into ALBUM
   (ID_ALBUM, TITOLO, NUMERO_CANZONI, DURATA_ALBUM, GENERE, 
    DATA_USCITA, ARTISTA)
 Values
   ('A24', 'Terra Mia', 1, '00:02:06', 'Blues', 
    TO_DATE('30/04/1977', 'DD/MM/YYYY'), '013');
Insert into ALBUM
   (ID_ALBUM, TITOLO, NUMERO_CANZONI, DURATA_ALBUM, GENERE, 
    DATA_USCITA, ARTISTA)
 Values
   ('A26', 'Vai mo', 6, '00:17:42', 'Blues', 
    TO_DATE('05/10/1981', 'DD/MM/YYYY'), '013');
Insert into ALBUM
   (ID_ALBUM, TITOLO, NUMERO_CANZONI, DURATA_ALBUM, GENERE, 
    DATA_USCITA, ARTISTA)
 Values
   ('A27', 'Girasole', 4, '00:13:40', 'Pop', 
    TO_DATE('14/04/1999', 'DD/MM/YYYY'), '014');
Insert into ALBUM
   (ID_ALBUM, TITOLO, NUMERO_CANZONI, DURATA_ALBUM, GENERE, 
    DATA_USCITA, ARTISTA)
 Values
   ('A28', 'Vulcano', 1, '00:03:09', 'Elettropop', 
    TO_DATE('12/01/2018', 'DD/MM/YYYY'), '015');
Insert into ALBUM
   (ID_ALBUM, TITOLO, NUMERO_CANZONI, DURATA_ALBUM, GENERE, 
    DATA_USCITA, ARTISTA)
 Values
   ('A29', 'Il mondo insieme a te', 1, '00:04:03', 'Pop', 
    TO_DATE('28/05/2004', 'DD/MM/YYYY'), '016');
Insert into ALBUM
   (ID_ALBUM, TITOLO, NUMERO_CANZONI, DURATA_ALBUM, GENERE, 
    DATA_USCITA, ARTISTA)
 Values
   ('A30', 'Terraferma', 3, '00:13:19', 'Pop', 
    TO_DATE('16/02/2011', 'DD/MM/YYYY'), '016');
Insert into ALBUM
   (ID_ALBUM, TITOLO, NUMERO_CANZONI, DURATA_ALBUM, GENERE, 
    DATA_USCITA, ARTISTA)
 Values
   ('A25', 'Che Dio ti benedica', 5, '00:24:13', 'Blues', 
    TO_DATE('02/09/1993', 'DD/MM/YYYY'), '013');
Insert into ALBUM
   (ID_ALBUM, TITOLO, NUMERO_CANZONI, DURATA_ALBUM, GENERE, 
    DATA_USCITA, ARTISTA)
 Values
   ('A31', 'Tutte storie', 5, '00:25:31', 'Pop', 
    TO_DATE('19/04/1993', 'DD/MM/YYYY'), '017');
Insert into ALBUM
   (ID_ALBUM, TITOLO, NUMERO_CANZONI, DURATA_ALBUM, GENERE, 
    DATA_USCITA, ARTISTA)
 Values
   ('A32', '9', 5, '00:21:44', 'Pop rock', 
    TO_DATE('30/05/2003', 'DD/MM/YYYY'), '017');
Insert into ALBUM
   (ID_ALBUM, TITOLO, NUMERO_CANZONI, DURATA_ALBUM, GENERE, 
    DATA_USCITA, ARTISTA)
 Values
   ('A33', 'Questo piccolo grande amore', 1, '00:05:36', 'Pop rock', 
    TO_DATE('22/10/1972', 'DD/MM/YYYY'), '018');
Insert into ALBUM
   (ID_ALBUM, TITOLO, NUMERO_CANZONI, DURATA_ALBUM, GENERE, 
    DATA_USCITA, ARTISTA)
 Values
   ('A34', 'Strada facendo', 5, '00:21:39', 'Pop rock', 
    TO_DATE('16/06/1981', 'DD/MM/YYYY'), '018');
Insert into ALBUM
   (ID_ALBUM, TITOLO, NUMERO_CANZONI, DURATA_ALBUM, GENERE, 
    DATA_USCITA, ARTISTA)
 Values
   ('A36', 'La coscienza di zero', 4, '00:17:27', 'Pop', 
    TO_DATE('02/03/1991', 'DD/MM/YYYY'), '020');
Insert into ALBUM
   (ID_ALBUM, TITOLO, NUMERO_CANZONI, DURATA_ALBUM, GENERE, 
    DATA_USCITA, ARTISTA)
 Values
   ('A39', 'Ho imparato a sognare', 1, '00:04:09', 'Pop', 
    TO_DATE('27/11/2009', 'DD/MM/YYYY'), '021');
Insert into ALBUM
   (ID_ALBUM, TITOLO, NUMERO_CANZONI, DURATA_ALBUM, GENERE, 
    DATA_USCITA, ARTISTA)
 Values
   ('A40', 'Infinito', 1, '00:03:00', 'Pop', 
    TO_DATE('26/06/2020', 'DD/MM/YYYY'), '022');
Insert into ALBUM
   (ID_ALBUM, TITOLO, NUMERO_CANZONI, DURATA_ALBUM, GENERE, 
    DATA_USCITA, ARTISTA)
 Values
   ('A41', 'Iperbole', 1, '00:04:00', 'Pop', 
    TO_DATE('26/06/2020', 'DD/MM/YYYY'), '022');
 


Insert into DIRITTI_AUTORE
   (CODICE, INIZIO_DIRITTO, DURATA_DIRITTO, ALBUM)
 Values
   ('CP001', TO_DATE('25/09/2019', 'DD/MM/YYYY'), TO_DATE('25/09/2089', 'DD/MM/YYYY'), 'A03');
Insert into DIRITTI_AUTORE
   (CODICE, INIZIO_DIRITTO, DURATA_DIRITTO, ALBUM)
 Values
   ('CP002', TO_DATE('10/01/2020', 'DD/MM/YYYY'), TO_DATE('10/01/2090', 'DD/MM/YYYY'), 'A04');
Insert into DIRITTI_AUTORE
   (CODICE, INIZIO_DIRITTO, DURATA_DIRITTO, ALBUM)
 Values
   ('CP003', TO_DATE('11/05/1995', 'DD/MM/YYYY'), TO_DATE('11/05/2065', 'DD/MM/YYYY'), 'A06');
Insert into DIRITTI_AUTORE
   (CODICE, INIZIO_DIRITTO, DURATA_DIRITTO, ALBUM)
 Values
   ('CP004', TO_DATE('05/11/1998', 'DD/MM/YYYY'), TO_DATE('05/11/2068', 'DD/MM/YYYY'), 'A10');
Insert into DIRITTI_AUTORE
   (CODICE, INIZIO_DIRITTO, DURATA_DIRITTO, ALBUM)
 Values
   ('CP005', TO_DATE('03/03/1990', 'DD/MM/YYYY'), TO_DATE('03/03/2060', 'DD/MM/YYYY'), 'A11');
Insert into DIRITTI_AUTORE
   (CODICE, INIZIO_DIRITTO, DURATA_DIRITTO, ALBUM)
 Values
   ('CP006', TO_DATE('06/11/2016', 'DD/MM/YYYY'), TO_DATE('06/11/2086', 'DD/MM/YYYY'), 'A14');
Insert into DIRITTI_AUTORE
   (CODICE, INIZIO_DIRITTO, DURATA_DIRITTO, ALBUM)
 Values
   ('CP007', TO_DATE('31/01/2020', 'DD/MM/YYYY'), TO_DATE('31/01/2090', 'DD/MM/YYYY'), 'A15');
Insert into DIRITTI_AUTORE
   (CODICE, INIZIO_DIRITTO, DURATA_DIRITTO, ALBUM)
 Values
   ('CP008', TO_DATE('24/06/1989', 'DD/MM/YYYY'), TO_DATE('24/06/2059', 'DD/MM/YYYY'), 'A16');
Insert into DIRITTI_AUTORE
   (CODICE, INIZIO_DIRITTO, DURATA_DIRITTO, ALBUM)
 Values
   ('CP009', TO_DATE('13/04/1982', 'DD/MM/YYYY'), TO_DATE('13/04/2052', 'DD/MM/YYYY'), 'A18');
Insert into DIRITTI_AUTORE
   (CODICE, INIZIO_DIRITTO, DURATA_DIRITTO, ALBUM)
 Values
   ('CP018', TO_DATE('28/05/2004', 'DD/MM/YYYY'), TO_DATE('28/05/2074', 'DD/MM/YYYY'), 'A29');
Insert into DIRITTI_AUTORE
   (CODICE, INIZIO_DIRITTO, DURATA_DIRITTO, ALBUM)
 Values
   ('CP019', TO_DATE('16/02/2011', 'DD/MM/YYYY'), TO_DATE('16/02/2081', 'DD/MM/YYYY'), 'A30');
Insert into DIRITTI_AUTORE
   (CODICE, INIZIO_DIRITTO, DURATA_DIRITTO, ALBUM)
 Values
   ('CP020', TO_DATE('19/04/1993', 'DD/MM/YYYY'), TO_DATE('19/04/2063', 'DD/MM/YYYY'), 'A31');
Insert into DIRITTI_AUTORE
   (CODICE, INIZIO_DIRITTO, DURATA_DIRITTO, ALBUM)
 Values
   ('CP021', TO_DATE('30/05/2003', 'DD/MM/YYYY'), TO_DATE('30/05/2073', 'DD/MM/YYYY'), 'A32');
Insert into DIRITTI_AUTORE
   (CODICE, INIZIO_DIRITTO, DURATA_DIRITTO, ALBUM)
 Values
   ('CP022', TO_DATE('22/10/1972', 'DD/MM/YYYY'), TO_DATE('22/10/2042', 'DD/MM/YYYY'), 'A33');
Insert into DIRITTI_AUTORE
   (CODICE, INIZIO_DIRITTO, DURATA_DIRITTO, ALBUM)
 Values
   ('CP023', TO_DATE('16/06/1981', 'DD/MM/YYYY'), TO_DATE('16/06/2051', 'DD/MM/YYYY'), 'A34');
Insert into DIRITTI_AUTORE
   (CODICE, INIZIO_DIRITTO, DURATA_DIRITTO, ALBUM)
 Values
   ('CP024', TO_DATE('02/03/1991', 'DD/MM/YYYY'), TO_DATE('02/03/2061', 'DD/MM/YYYY'), 'A36');
Insert into DIRITTI_AUTORE
   (CODICE, INIZIO_DIRITTO, DURATA_DIRITTO, ALBUM)
 Values
   ('CP025', TO_DATE('27/11/2009', 'DD/MM/YYYY'), TO_DATE('27/11/2079', 'DD/MM/YYYY'), 'A39');
Insert into DIRITTI_AUTORE
   (CODICE, INIZIO_DIRITTO, DURATA_DIRITTO, ALBUM)
 Values
   ('CP010', TO_DATE('04/03/2005', 'DD/MM/YYYY'), TO_DATE('04/03/2075', 'DD/MM/YYYY'), 'A19');
Insert into DIRITTI_AUTORE
   (CODICE, INIZIO_DIRITTO, DURATA_DIRITTO, ALBUM)
 Values
   ('CP011', TO_DATE('22/09/1997', 'DD/MM/YYYY'), TO_DATE('22/09/2067', 'DD/MM/YYYY'), 'A21');
Insert into DIRITTI_AUTORE
   (CODICE, INIZIO_DIRITTO, DURATA_DIRITTO, ALBUM)
 Values
   ('CP012', TO_DATE('26/10/2018', 'DD/MM/YYYY'), TO_DATE('26/10/2088', 'DD/MM/YYYY'), 'A23');
Insert into DIRITTI_AUTORE
   (CODICE, INIZIO_DIRITTO, DURATA_DIRITTO, ALBUM)
 Values
   ('CP013', TO_DATE('30/04/1977', 'DD/MM/YYYY'), TO_DATE('30/04/2067', 'DD/MM/YYYY'), 'A24');
Insert into DIRITTI_AUTORE
   (CODICE, INIZIO_DIRITTO, DURATA_DIRITTO, ALBUM)
 Values
   ('CP014', TO_DATE('05/10/1981', 'DD/MM/YYYY'), TO_DATE('05/10/2051', 'DD/MM/YYYY'), 'A26');
Insert into DIRITTI_AUTORE
   (CODICE, INIZIO_DIRITTO, DURATA_DIRITTO, ALBUM)
 Values
   ('CP015', TO_DATE('14/04/1999', 'DD/MM/YYYY'), TO_DATE('14/04/2069', 'DD/MM/YYYY'), 'A27');
Insert into DIRITTI_AUTORE
   (CODICE, INIZIO_DIRITTO, DURATA_DIRITTO, ALBUM)
 Values
   ('CP016', TO_DATE('12/01/2018', 'DD/MM/YYYY'), TO_DATE('12/01/2088', 'DD/MM/YYYY'), 'A28');
Insert into DIRITTI_AUTORE
   (CODICE, INIZIO_DIRITTO, DURATA_DIRITTO, ALBUM)
 Values
   ('CP017', TO_DATE('02/09/1993', 'DD/MM/YYYY'), TO_DATE('02/09/2063', 'DD/MM/YYYY'), 'A25');
Insert into DIRITTI_AUTORE
   (CODICE, INIZIO_DIRITTO, DURATA_DIRITTO, ALBUM)
 Values
   ('CP026', TO_DATE('02/03/1991', 'DD/MM/YYYY'), TO_DATE('02/03/2061', 'DD/MM/YYYY'), 'A36');
Insert into DIRITTI_AUTORE
   (CODICE, INIZIO_DIRITTO, DURATA_DIRITTO, ALBUM)
 Values
   ('CP027', TO_DATE('16/02/2011', 'DD/MM/YYYY'), TO_DATE('16/02/2081', 'DD/MM/YYYY'), 'A30');
Insert into DIRITTI_AUTORE
   (CODICE, INIZIO_DIRITTO, DURATA_DIRITTO, ALBUM)
 Values
   ('CP028', TO_DATE('05/10/1981', 'DD/MM/YYYY'), TO_DATE('05/10/2051', 'DD/MM/YYYY'), 'A26');
 
Insert into DISTRIBUITO
   (ALBUM, DISTRIBUTORE)
 Values
   ('A03', 'Awal');
Insert into DISTRIBUITO
   (ALBUM, DISTRIBUTORE)
 Values
   ('A03', 'Spotify');
Insert into DISTRIBUITO
   (ALBUM, DISTRIBUTORE)
 Values
   ('A04', 'Igtv music');
Insert into DISTRIBUITO
   (ALBUM, DISTRIBUTORE)
 Values
   ('A04', 'Youtube');
Insert into DISTRIBUITO
   (ALBUM, DISTRIBUTORE)
 Values
   ('A06', 'Feltrinelli');
Insert into DISTRIBUITO
   (ALBUM, DISTRIBUTORE)
 Values
   ('A06', 'Mondadori');
Insert into DISTRIBUITO
   (ALBUM, DISTRIBUTORE)
 Values
   ('A06', 'Tim music');
Insert into DISTRIBUITO
   (ALBUM, DISTRIBUTORE)
 Values
   ('A10', 'Apple music');
Insert into DISTRIBUITO
   (ALBUM, DISTRIBUTORE)
 Values
   ('A10', 'Jonni music');
Insert into DISTRIBUITO
   (ALBUM, DISTRIBUTORE)
 Values
   ('A10', 'Spotify');
Insert into DISTRIBUITO
   (ALBUM, DISTRIBUTORE)
 Values
   ('A11', 'Feltrinelli');
Insert into DISTRIBUITO
   (ALBUM, DISTRIBUTORE)
 Values
   ('A11', 'Youtube');
Insert into DISTRIBUITO
   (ALBUM, DISTRIBUTORE)
 Values
   ('A14', 'Mondadori');
Insert into DISTRIBUITO
   (ALBUM, DISTRIBUTORE)
 Values
   ('A14', 'Spotify');
Insert into DISTRIBUITO
   (ALBUM, DISTRIBUTORE)
 Values
   ('A14', 'Vevo');
Insert into DISTRIBUITO
   (ALBUM, DISTRIBUTORE)
 Values
   ('A15', 'Insta music');
Insert into DISTRIBUITO
   (ALBUM, DISTRIBUTORE)
 Values
   ('A15', 'Spotify');
Insert into DISTRIBUITO
   (ALBUM, DISTRIBUTORE)
 Values
   ('A16', 'Feltrinelli');
Insert into DISTRIBUITO
   (ALBUM, DISTRIBUTORE)
 Values
   ('A16', 'Spotify');
Insert into DISTRIBUITO
   (ALBUM, DISTRIBUTORE)
 Values
   ('A18', 'Feltrinelli');
Insert into DISTRIBUITO
   (ALBUM, DISTRIBUTORE)
 Values
   ('A18', 'Google music');
Insert into DISTRIBUITO
   (ALBUM, DISTRIBUTORE)
 Values
   ('A19', 'Apple music');
Insert into DISTRIBUITO
   (ALBUM, DISTRIBUTORE)
 Values
   ('A19', 'Feltrinelli');
Insert into DISTRIBUITO
   (ALBUM, DISTRIBUTORE)
 Values
   ('A19', 'Mondadori');
Insert into DISTRIBUITO
   (ALBUM, DISTRIBUTORE)
 Values
   ('A21', 'Feltrinelli');
Insert into DISTRIBUITO
   (ALBUM, DISTRIBUTORE)
 Values
   ('A21', 'Mondadori');
Insert into DISTRIBUITO
   (ALBUM, DISTRIBUTORE)
 Values
   ('A23', 'Feltrinelli');
Insert into DISTRIBUITO
   (ALBUM, DISTRIBUTORE)
 Values
   ('A23', 'Giuse music');
Insert into DISTRIBUITO
   (ALBUM, DISTRIBUTORE)
 Values
   ('A23', 'Mondadori');
Insert into DISTRIBUITO
   (ALBUM, DISTRIBUTORE)
 Values
   ('A24', 'Feltrinelli');
Insert into DISTRIBUITO
   (ALBUM, DISTRIBUTORE)
 Values
   ('A24', 'Mondadori');
Insert into DISTRIBUITO
   (ALBUM, DISTRIBUTORE)
 Values
   ('A25', 'Feltrinelli');
Insert into DISTRIBUITO
   (ALBUM, DISTRIBUTORE)
 Values
   ('A25', 'Mondadori');
Insert into DISTRIBUITO
   (ALBUM, DISTRIBUTORE)
 Values
   ('A26', 'Feltrinelli');
Insert into DISTRIBUITO
   (ALBUM, DISTRIBUTORE)
 Values
   ('A26', 'Route music');
Insert into DISTRIBUITO
   (ALBUM, DISTRIBUTORE)
 Values
   ('A27', 'Mondadori');
Insert into DISTRIBUITO
   (ALBUM, DISTRIBUTORE)
 Values
   ('A28', 'Feltrinelli');
Insert into DISTRIBUITO
   (ALBUM, DISTRIBUTORE)
 Values
   ('A28', 'Youtube');
Insert into DISTRIBUITO
   (ALBUM, DISTRIBUTORE)
 Values
   ('A29', 'Apple music');
Insert into DISTRIBUITO
   (ALBUM, DISTRIBUTORE)
 Values
   ('A30', 'Mondadori');
Insert into DISTRIBUITO
   (ALBUM, DISTRIBUTORE)
 Values
   ('A31', 'Feltrinelli');
Insert into DISTRIBUITO
   (ALBUM, DISTRIBUTORE)
 Values
   ('A31', 'Mondadori');
Insert into DISTRIBUITO
   (ALBUM, DISTRIBUTORE)
 Values
   ('A32', 'Apple music');
Insert into DISTRIBUITO
   (ALBUM, DISTRIBUTORE)
 Values
   ('A32', 'Feltrinelli');
Insert into DISTRIBUITO
   (ALBUM, DISTRIBUTORE)
 Values
   ('A32', 'Mondadori');
Insert into DISTRIBUITO
   (ALBUM, DISTRIBUTORE)
 Values
   ('A32', 'Spotify');
Insert into DISTRIBUITO
   (ALBUM, DISTRIBUTORE)
 Values
   ('A32', 'Youtube');
Insert into DISTRIBUITO
   (ALBUM, DISTRIBUTORE)
 Values
   ('A33', 'Feltrinelli');
Insert into DISTRIBUITO
   (ALBUM, DISTRIBUTORE)
 Values
   ('A34', 'Feltrinelli');
Insert into DISTRIBUITO
   (ALBUM, DISTRIBUTORE)
 Values
   ('A34', 'Mondadori');
Insert into DISTRIBUITO
   (ALBUM, DISTRIBUTORE)
 Values
   ('A34', 'Youtube');
Insert into DISTRIBUITO
   (ALBUM, DISTRIBUTORE)
 Values
   ('A36', 'Spotify');
Insert into DISTRIBUITO
   (ALBUM, DISTRIBUTORE)
 Values
   ('A36', 'Youtube');
Insert into DISTRIBUITO
   (ALBUM, DISTRIBUTORE)
 Values
   ('A39', 'Amazon music');
Insert into DISTRIBUITO
   (ALBUM, DISTRIBUTORE)
 Values
   ('A39', 'Apple music');
Insert into DISTRIBUITO
   (ALBUM, DISTRIBUTORE)
 Values
   ('A39', 'Feltrinelli');
Insert into DISTRIBUITO
   (ALBUM, DISTRIBUTORE)
 Values
   ('A39', 'Mondadori');
 
Insert into AUTORE
   (CF_AUTORE, NOME_AUTORE, COGNOME_AUTORE, NOME_ARTE, SESSO_AUTORE)
 Values
   ('CODFISAUT0000001', 'Claudio', 'Baglioni', 'Claudio Baglioni', 'M');
Insert into AUTORE
   (CF_AUTORE, NOME_AUTORE, COGNOME_AUTORE, NOME_ARTE, SESSO_AUTORE)
 Values
   ('CODFISAUT0000002', 'Vasco', 'Rossi', 'Vasco Rossi', 'M');
Insert into AUTORE
   (CF_AUTORE, NOME_AUTORE, COGNOME_AUTORE, NOME_ARTE, SESSO_AUTORE)
 Values
   ('CODFISAUT0000003', 'Tommaso', 'Paradiso', 'Tommaso Paradiso', 'M');
Insert into AUTORE
   (CF_AUTORE, NOME_AUTORE, COGNOME_AUTORE, NOME_ARTE, SESSO_AUTORE)
 Values
   ('CODFISAUT0000004', 'Adelmo', 'Fornaciari', 'Zucchero', 'M');
Insert into AUTORE
   (CF_AUTORE, NOME_AUTORE, COGNOME_AUTORE, NOME_ARTE, SESSO_AUTORE)
 Values
   ('CODFISAUT0000005', 'Laura', 'Pausini', 'Laura Pausini', 'F');
Insert into AUTORE
   (CF_AUTORE, NOME_AUTORE, COGNOME_AUTORE, NOME_ARTE, SESSO_AUTORE)
 Values
   ('CODFISAUT0000006', 'Pino', 'Daniele', 'Pino Daniele', 'M');
Insert into AUTORE
   (CF_AUTORE, NOME_AUTORE, COGNOME_AUTORE, NOME_ARTE, SESSO_AUTORE)
 Values
   ('CODFISAUT0000007', 'Renato', 'Zero', 'Renato Zero', 'M');
Insert into AUTORE
   (CF_AUTORE, NOME_AUTORE, COGNOME_AUTORE, NOME_ARTE, SESSO_AUTORE)
 Values
   ('CODFISAUT0000009', 'Eros', 'Ramazzotti', 'Eros Ramazzotti', 'M');
Insert into AUTORE
   (CF_AUTORE, NOME_AUTORE, COGNOME_AUTORE, NOME_ARTE, SESSO_AUTORE)
 Values
   ('CODFISAUT0000010', 'Elisa', 'Toffoli', 'Elisa', 'F');
Insert into AUTORE
   (CF_AUTORE, NOME_AUTORE, COGNOME_AUTORE, NOME_ARTE, SESSO_AUTORE)
 Values
   ('CODFISAUT0000008', 'Giorgia', 'Todrani', 'Giorgia', 'F');
Insert into AUTORE
   (CF_AUTORE, NOME_AUTORE, COGNOME_AUTORE, NOME_ARTE, SESSO_AUTORE)
 Values
   ('CODFISAUT0000011', 'Fiorella', 'Mannoia', 'Fiorella Mannoia', 'F');
Insert into AUTORE
   (CF_AUTORE, NOME_AUTORE, COGNOME_AUTORE, NOME_ARTE, SESSO_AUTORE)
 Values
   ('CODFISAUT0000012', 'Massimo', 'Pezzali', 'Max Pezzali', 'M');
Insert into AUTORE
   (CF_AUTORE, NOME_AUTORE, COGNOME_AUTORE, NOME_ARTE, SESSO_AUTORE)
 Values
   ('CODFISAUT0000013', 'Dario', 'Faini', 'Dardust', 'M');
Insert into AUTORE
   (CF_AUTORE, NOME_AUTORE, COGNOME_AUTORE, NOME_ARTE, SESSO_AUTORE)
 Values
   ('CODFISAUT0000014', 'Alessandro', 'Merli', 'Takagi', 'M');
Insert into AUTORE
   (CF_AUTORE, NOME_AUTORE, COGNOME_AUTORE, NOME_ARTE, SESSO_AUTORE)
 Values
   ('CODFISAUT0000015', 'Fabio', 'Clemente', 'Ketra', 'M');
Insert into AUTORE
   (CF_AUTORE, NOME_AUTORE, COGNOME_AUTORE, NOME_ARTE, SESSO_AUTORE)
 Values
   ('CODFISAUT0000016', 'Biagio', 'Antonacci', 'Biagio Antonacci', 'M');
Insert into AUTORE
   (CF_AUTORE, NOME_AUTORE, COGNOME_AUTORE, NOME_ARTE, SESSO_AUTORE)
 Values
   ('CODFISAUT0000017', 'Emma', 'Marrone', 'Emma Marrone', 'F');
 
 
Insert into FORMATO
   (ALBUM, FORMATO)
 Values
   ('A03', 'Digitale');
Insert into FORMATO
   (ALBUM, FORMATO)
 Values
   ('A04', 'Digitale');
Insert into FORMATO
   (ALBUM, FORMATO)
 Values
   ('A06', 'CD');
Insert into FORMATO
   (ALBUM, FORMATO)
 Values
   ('A06', 'Digitale');
Insert into FORMATO
   (ALBUM, FORMATO)
 Values
   ('A06', 'LP');
Insert into FORMATO
   (ALBUM, FORMATO)
 Values
   ('A06', 'MC');
Insert into FORMATO
   (ALBUM, FORMATO)
 Values
   ('A10', 'CD');
Insert into FORMATO
   (ALBUM, FORMATO)
 Values
   ('A10', 'Digitale');
Insert into FORMATO
   (ALBUM, FORMATO)
 Values
   ('A10', 'LP');
Insert into FORMATO
   (ALBUM, FORMATO)
 Values
   ('A11', 'CD');
Insert into FORMATO
   (ALBUM, FORMATO)
 Values
   ('A11', 'Digitale');
Insert into FORMATO
   (ALBUM, FORMATO)
 Values
   ('A11', 'LP');
Insert into FORMATO
   (ALBUM, FORMATO)
 Values
   ('A14', 'CD');
Insert into FORMATO
   (ALBUM, FORMATO)
 Values
   ('A14', 'Digitale');
Insert into FORMATO
   (ALBUM, FORMATO)
 Values
   ('A15', 'CD');
Insert into FORMATO
   (ALBUM, FORMATO)
 Values
   ('A15', 'Digitale');
Insert into FORMATO
   (ALBUM, FORMATO)
 Values
   ('A16', 'CD');
Insert into FORMATO
   (ALBUM, FORMATO)
 Values
   ('A16', 'Digitale');
Insert into FORMATO
   (ALBUM, FORMATO)
 Values
   ('A16', 'LP');
Insert into FORMATO
   (ALBUM, FORMATO)
 Values
   ('A18', 'CD');
Insert into FORMATO
   (ALBUM, FORMATO)
 Values
   ('A18', 'Digitale');
Insert into FORMATO
   (ALBUM, FORMATO)
 Values
   ('A18', 'LP');
Insert into FORMATO
   (ALBUM, FORMATO)
 Values
   ('A19', 'CD');
Insert into FORMATO
   (ALBUM, FORMATO)
 Values
   ('A19', 'Digitale');
Insert into FORMATO
   (ALBUM, FORMATO)
 Values
   ('A19', 'LP');
Insert into FORMATO
   (ALBUM, FORMATO)
 Values
   ('A21', 'CD');
Insert into FORMATO
   (ALBUM, FORMATO)
 Values
   ('A21', 'Vinile');
Insert into FORMATO
   (ALBUM, FORMATO)
 Values
   ('A23', 'CD');
Insert into FORMATO
   (ALBUM, FORMATO)
 Values
   ('A23', 'Digitale');
Insert into FORMATO
   (ALBUM, FORMATO)
 Values
   ('A23', 'Vinile');
Insert into FORMATO
   (ALBUM, FORMATO)
 Values
   ('A24', 'CD');
Insert into FORMATO
   (ALBUM, FORMATO)
 Values
   ('A24', 'Digitale');
Insert into FORMATO
   (ALBUM, FORMATO)
 Values
   ('A25', 'CD');
Insert into FORMATO
   (ALBUM, FORMATO)
 Values
   ('A25', 'Vinile');
Insert into FORMATO
   (ALBUM, FORMATO)
 Values
   ('A26', 'CD');
Insert into FORMATO
   (ALBUM, FORMATO)
 Values
   ('A26', 'Digitale');
Insert into FORMATO
   (ALBUM, FORMATO)
 Values
   ('A27', 'CD');
Insert into FORMATO
   (ALBUM, FORMATO)
 Values
   ('A28', 'CD');
Insert into FORMATO
   (ALBUM, FORMATO)
 Values
   ('A28', 'Digitale');
Insert into FORMATO
   (ALBUM, FORMATO)
 Values
   ('A29', 'Digitale');
Insert into FORMATO
   (ALBUM, FORMATO)
 Values
   ('A30', 'CD');
Insert into FORMATO
   (ALBUM, FORMATO)
 Values
   ('A31', 'CD');
Insert into FORMATO
   (ALBUM, FORMATO)
 Values
   ('A31', 'Vinile');
Insert into FORMATO
   (ALBUM, FORMATO)
 Values
   ('A32', 'CD');
Insert into FORMATO
   (ALBUM, FORMATO)
 Values
   ('A32', 'Digitale');
Insert into FORMATO
   (ALBUM, FORMATO)
 Values
   ('A33', 'Vinile');
Insert into FORMATO
   (ALBUM, FORMATO)
 Values
   ('A34', 'CD');
Insert into FORMATO
   (ALBUM, FORMATO)
 Values
   ('A34', 'Digitale');
Insert into FORMATO
   (ALBUM, FORMATO)
 Values
   ('A34', 'Vinile');
Insert into FORMATO
   (ALBUM, FORMATO)
 Values
   ('A36', 'Digitale');
Insert into FORMATO
   (ALBUM, FORMATO)
 Values
   ('A39', 'Digitale');
Insert into FORMATO
   (ALBUM, FORMATO)
 Values
   ('A39', 'Vinile');


Insert into CANZONE
   (ID_CANZONE, NOME_CANZONE, DURATA_CANZONE, ARTISTA, ALBUM)
 Values
   ('13Z', 'Un emozione per sempre', '00:03:56', '017', 'A32');
Insert into CANZONE
   (ID_CANZONE, NOME_CANZONE, DURATA_CANZONE, ARTISTA, ALBUM)
 Values
   ('14Z', 'Ti vorrei rivivere', '00:04:29', '017', 'A32');
Insert into CANZONE
   (ID_CANZONE, NOME_CANZONE, DURATA_CANZONE, ARTISTA, ALBUM)
 Values
   ('15Z', 'Il buio ha i tuoi occhi', '00:04:35', '017', 'A32');
Insert into CANZONE
   (ID_CANZONE, NOME_CANZONE, DURATA_CANZONE, ARTISTA, ALBUM)
 Values
   ('16Z', 'Cose della vita', '00:04:48', '017', 'A31');
Insert into CANZONE
   (ID_CANZONE, NOME_CANZONE, DURATA_CANZONE, ARTISTA, ALBUM)
 Values
   ('17Z', 'A mezza via', '00:05:48', '017', 'A31');
Insert into CANZONE
   (ID_CANZONE, NOME_CANZONE, DURATA_CANZONE, ARTISTA, ALBUM)
 Values
   ('18Z', 'Memorie', '00:04:35', '017', 'A31');
Insert into CANZONE
   (ID_CANZONE, NOME_CANZONE, DURATA_CANZONE, ARTISTA, ALBUM)
 Values
   ('19Z', 'Niente di male', '00:05:05', '017', 'A31');
Insert into CANZONE
   (ID_CANZONE, NOME_CANZONE, DURATA_CANZONE, ARTISTA, ALBUM)
 Values
   ('20Z', 'Nostalsong', '00:05:15', '017', 'A31');
Insert into CANZONE
   (ID_CANZONE, NOME_CANZONE, DURATA_CANZONE, ARTISTA, ALBUM)
 Values
   ('21Z', 'Che Dio ti benedica', '00:04:17', '013', 'A25');
Insert into CANZONE
   (ID_CANZONE, NOME_CANZONE, DURATA_CANZONE, ARTISTA, ALBUM)
 Values
   ('22Z', 'Questa primavera', '00:05:01', '013', 'A25');
Insert into CANZONE
   (ID_CANZONE, NOME_CANZONE, DURATA_CANZONE, ARTISTA, ALBUM)
 Values
   ('23Z', 'Mal di te', '00:04:51', '013', 'A25');
Insert into CANZONE
   (ID_CANZONE, NOME_CANZONE, DURATA_CANZONE, ARTISTA, ALBUM)
 Values
   ('24Z', 'Sono un cantante di blues', '00.04.17', '013', 'A25');
Insert into CANZONE
   (ID_CANZONE, NOME_CANZONE, DURATA_CANZONE, ARTISTA, ALBUM)
 Values
   ('25Z', 'Allora si', '00:05:47', '013', 'A25');
Insert into CANZONE
   (ID_CANZONE, NOME_CANZONE, DURATA_CANZONE, ARTISTA, ALBUM)
 Values
   ('26Z', 'Credi', '00:04:48', '016', 'A30');
Insert into CANZONE
   (ID_CANZONE, NOME_CANZONE, DURATA_CANZONE, ARTISTA, ALBUM)
 Values
   ('27Z', 'Il mio secondo tempo', '00:03:58', '016', 'A30');
Insert into CANZONE
   (ID_CANZONE, NOME_CANZONE, DURATA_CANZONE, ARTISTA, ALBUM)
 Values
   ('28Z', 'Terraferma', '00:04:33', '016', 'A30');
Insert into CANZONE
   (ID_CANZONE, NOME_CANZONE, DURATA_CANZONE, ARTISTA, ALBUM)
 Values
   ('29Z', 'Il mondo insieme a te', '00:04:03', '016', 'A29');
Insert into CANZONE
   (ID_CANZONE, NOME_CANZONE, DURATA_CANZONE, ARTISTA, ALBUM)
 Values
   ('00Z', 'Ho imparato a sognare', '00:04:09', '021', 'A39');
Insert into CANZONE
   (ID_CANZONE, NOME_CANZONE, DURATA_CANZONE, ARTISTA, ALBUM)
 Values
   ('01Z', 'Sipario', '00:04:00', '020', 'A36');
Insert into CANZONE
   (ID_CANZONE, NOME_CANZONE, DURATA_CANZONE, ARTISTA, ALBUM)
 Values
   ('02Z', 'Lezione di vita', '00:04:50', '020', 'A36');
Insert into CANZONE
   (ID_CANZONE, NOME_CANZONE, DURATA_CANZONE, ARTISTA, ALBUM)
 Values
   ('03Z', 'Due', '00:03:40', '020', 'A36');
Insert into CANZONE
   (ID_CANZONE, NOME_CANZONE, DURATA_CANZONE, ARTISTA, ALBUM)
 Values
   ('04Z', 'Al cinema', '00:04:57', '020', 'A36');
Insert into CANZONE
   (ID_CANZONE, NOME_CANZONE, DURATA_CANZONE, ARTISTA, ALBUM)
 Values
   ('05Z', 'Uno', '00:03:50', '018', 'A34');
Insert into CANZONE
   (ID_CANZONE, NOME_CANZONE, DURATA_CANZONE, ARTISTA, ALBUM)
 Values
   ('06Z', 'Via', '00:04:50', '018', 'A34');
Insert into CANZONE
   (ID_CANZONE, NOME_CANZONE, DURATA_CANZONE, ARTISTA, ALBUM)
 Values
   ('07Z', 'Due', '00:03:20', '018', 'A34');
Insert into CANZONE
   (ID_CANZONE, NOME_CANZONE, DURATA_CANZONE, ARTISTA, ALBUM)
 Values
   ('08Z', 'Fotografie', '00:03:40', '018', 'A34');
Insert into CANZONE
   (ID_CANZONE, NOME_CANZONE, DURATA_CANZONE, ARTISTA, ALBUM)
 Values
   ('09Z', 'Strada facendo', '00.05:59', '018', 'A34');
Insert into CANZONE
   (ID_CANZONE, NOME_CANZONE, DURATA_CANZONE, ARTISTA, ALBUM)
 Values
   ('10Z', 'Questo piccolo grande amore', '00:05:36', '018', 'A33');
Insert into CANZONE
   (ID_CANZONE, NOME_CANZONE, DURATA_CANZONE, ARTISTA, ALBUM)
 Values
   ('11Z', 'Un attimo di pace', '00:04:35', '017', 'A32');
Insert into CANZONE
   (ID_CANZONE, NOME_CANZONE, DURATA_CANZONE, ARTISTA, ALBUM)
 Values
   ('12Z', 'Solo ieri', '00:04:09', '017', 'A32');
Insert into CANZONE
   (ID_CANZONE, NOME_CANZONE, DURATA_CANZONE, ARTISTA, ALBUM)
 Values
   ('30Z', 'Vulcano', '00:03:09', '015', 'A28');
Insert into CANZONE
   (ID_CANZONE, NOME_CANZONE, DURATA_CANZONE, ARTISTA, ALBUM)
 Values
   ('01A', 'Non avere paura', '00:04:07', '002', 'A03');
Insert into CANZONE
   (ID_CANZONE, NOME_CANZONE, DURATA_CANZONE, ARTISTA, ALBUM)
 Values
   ('02A', 'I nostri anni', '00:03:38', '002', 'A04');
Insert into CANZONE
   (ID_CANZONE, NOME_CANZONE, DURATA_CANZONE, ARTISTA, ALBUM)
 Values
   ('01B', 'Balliamo sul mondo', '00:04:33', '003', 'A06');
Insert into CANZONE
   (ID_CANZONE, NOME_CANZONE, DURATA_CANZONE, ARTISTA, ALBUM)
 Values
   ('02B', 'Piccola stella senza cielo', '00:03:56', '003', 'A06');
Insert into CANZONE
   (ID_CANZONE, NOME_CANZONE, DURATA_CANZONE, ARTISTA, ALBUM)
 Values
   ('03B', 'Non e tempo per noi', '00:03:30', '003', 'A06');
Insert into CANZONE
   (ID_CANZONE, NOME_CANZONE, DURATA_CANZONE, ARTISTA, ALBUM)
 Values
   ('04B', 'Bar Mario', '00:04:12', '003', 'A06');
Insert into CANZONE
   (ID_CANZONE, NOME_CANZONE, DURATA_CANZONE, ARTISTA, ALBUM)
 Values
   ('01C', 'You make me feel loved', '00:04:00', '006', 'A10');
Insert into CANZONE
   (ID_CANZONE, NOME_CANZONE, DURATA_CANZONE, ARTISTA, ALBUM)
 Values
   ('02C', 'Blu', '00:05:46', '006', 'A10');
Insert into CANZONE
   (ID_CANZONE, NOME_CANZONE, DURATA_CANZONE, ARTISTA, ALBUM)
 Values
   ('03C', 'Arcord', '00:04:42', '006', 'A10');
Insert into CANZONE
   (ID_CANZONE, NOME_CANZONE, DURATA_CANZONE, ARTISTA, ALBUM)
 Values
   ('04C', 'Puro amore', '00:03:29', '006', 'A10');
Insert into CANZONE
   (ID_CANZONE, NOME_CANZONE, DURATA_CANZONE, ARTISTA, ALBUM)
 Values
   ('01D', 'Uomini soli', '00:04:03', '007', 'A11');
Insert into CANZONE
   (ID_CANZONE, NOME_CANZONE, DURATA_CANZONE, ARTISTA, ALBUM)
 Values
   ('02D', 'Napoli per noi', '00:04:11', '007', 'A11');
Insert into CANZONE
   (ID_CANZONE, NOME_CANZONE, DURATA_CANZONE, ARTISTA, ALBUM)
 Values
   ('03D', 'Laltra donna', '00:04:35', '007', 'A11');
Insert into CANZONE
   (ID_CANZONE, NOME_CANZONE, DURATA_CANZONE, ARTISTA, ALBUM)
 Values
   ('01E', 'Lato destro del cuore', '00:03:52', '008', 'A14');
Insert into CANZONE
   (ID_CANZONE, NOME_CANZONE, DURATA_CANZONE, ARTISTA, ALBUM)
 Values
   ('02E', 'Simili', '00:03:35', '008', 'A14');
Insert into CANZONE
   (ID_CANZONE, NOME_CANZONE, DURATA_CANZONE, ARTISTA, ALBUM)
 Values
   ('03E', '200 note', '00:03:58', '008', 'A14');
Insert into CANZONE
   (ID_CANZONE, NOME_CANZONE, DURATA_CANZONE, ARTISTA, ALBUM)
 Values
   ('04E', 'Innamorata', '00:03:20', '008', 'A14');
Insert into CANZONE
   (ID_CANZONE, NOME_CANZONE, DURATA_CANZONE, ARTISTA, ALBUM)
 Values
   ('05E', 'Chiedilo al cielo', '00:03:18', '008', 'A14');
Insert into CANZONE
   (ID_CANZONE, NOME_CANZONE, DURATA_CANZONE, ARTISTA, ALBUM)
 Values
   ('03A', 'Andromeda', '00:03:22', '009', 'A15');
Insert into CANZONE
   (ID_CANZONE, NOME_CANZONE, DURATA_CANZONE, ARTISTA, ALBUM)
 Values
   ('01F', 'Domenica lunatica', '00:03:53', '010', 'A16');
Insert into CANZONE
   (ID_CANZONE, NOME_CANZONE, DURATA_CANZONE, ARTISTA, ALBUM)
 Values
   ('02F', 'Ormai e tardi', '00:03:25', '010', 'A16');
Insert into CANZONE
   (ID_CANZONE, NOME_CANZONE, DURATA_CANZONE, ARTISTA, ALBUM)
 Values
   ('03F', 'Muoviti!', '00:03:25', '010', 'A16');
Insert into CANZONE
   (ID_CANZONE, NOME_CANZONE, DURATA_CANZONE, ARTISTA, ALBUM)
 Values
   ('04F', 'Vivere senza te', '00:04:47', '010', 'A16');
Insert into CANZONE
   (ID_CANZONE, NOME_CANZONE, DURATA_CANZONE, ARTISTA, ALBUM)
 Values
   ('05F', 'Tango(della gelosia)', '00:03:07', '010', 'A16');
Insert into CANZONE
   (ID_CANZONE, NOME_CANZONE, DURATA_CANZONE, ARTISTA, ALBUM)
 Values
   ('10F', 'Vado al massimo', '00:04:11', '010', 'A18');
Insert into CANZONE
   (ID_CANZONE, NOME_CANZONE, DURATA_CANZONE, ARTISTA, ALBUM)
 Values
   ('01G', 'Nella mia stanza', '00:03:34', '011', 'A19');
Insert into CANZONE
   (ID_CANZONE, NOME_CANZONE, DURATA_CANZONE, ARTISTA, ALBUM)
 Values
   ('02G', 'Mentre  tutto scorre', '00:03:20', '011', 'A19');
Insert into CANZONE
   (ID_CANZONE, NOME_CANZONE, DURATA_CANZONE, ARTISTA, ALBUM)
 Values
   ('03G', 'Solo3min', '00:03:38', '011', 'A19');
Insert into CANZONE
   (ID_CANZONE, NOME_CANZONE, DURATA_CANZONE, ARTISTA, ALBUM)
 Values
   ('04G', 'Musa (stanca di essere)', '00:03:32', '011', 'A19');
Insert into CANZONE
   (ID_CANZONE, NOME_CANZONE, DURATA_CANZONE, ARTISTA, ALBUM)
 Values
   ('05G', 'I miei robot', '00:04:20', '011', 'A19');
Insert into CANZONE
   (ID_CANZONE, NOME_CANZONE, DURATA_CANZONE, ARTISTA, ALBUM)
 Values
   ('01H', 'Labyrinth', '00:04:56', '012', 'A21');
Insert into CANZONE
   (ID_CANZONE, NOME_CANZONE, DURATA_CANZONE, ARTISTA, ALBUM)
 Values
   ('02H', 'Mr. Want', '00:04:11', '012', 'A21');
Insert into CANZONE
   (ID_CANZONE, NOME_CANZONE, DURATA_CANZONE, ARTISTA, ALBUM)
 Values
   ('03H', 'Sleeping in your hand', '00:04:22', '012', 'A21');
Insert into CANZONE
   (ID_CANZONE, NOME_CANZONE, DURATA_CANZONE, ARTISTA, ALBUM)
 Values
   ('04H', 'Shadow zone', '00:04:14', '012', 'A21');
Insert into CANZONE
   (ID_CANZONE, NOME_CANZONE, DURATA_CANZONE, ARTISTA, ALBUM)
 Values
   ('10H', 'Se piovesse il tuo nome', '00:03:20', '012', 'A23');
Insert into CANZONE
   (ID_CANZONE, NOME_CANZONE, DURATA_CANZONE, ARTISTA, ALBUM)
 Values
   ('01I', 'Terra mia', '00:02:06', '013', 'A24');
Insert into CANZONE
   (ID_CANZONE, NOME_CANZONE, DURATA_CANZONE, ARTISTA, ALBUM)
 Values
   ('10I', 'Che te ne fotte', '00:03:27', '013', 'A26');
Insert into CANZONE
   (ID_CANZONE, NOME_CANZONE, DURATA_CANZONE, ARTISTA, ALBUM)
 Values
   ('11I', 'Yes I know my way', '00:03:25', '013', 'A26');
Insert into CANZONE
   (ID_CANZONE, NOME_CANZONE, DURATA_CANZONE, ARTISTA, ALBUM)
 Values
   ('12I', 'Notte che se ne va', '00:02:40', '013', 'A26');
Insert into CANZONE
   (ID_CANZONE, NOME_CANZONE, DURATA_CANZONE, ARTISTA, ALBUM)
 Values
   ('13I', 'Viento e terra', '00:03:26', '013', 'A26');
Insert into CANZONE
   (ID_CANZONE, NOME_CANZONE, DURATA_CANZONE, ARTISTA, ALBUM)
 Values
   ('14I', 'Nun ce sta piacere', '00:03:25', '013', 'A26');
Insert into CANZONE
   (ID_CANZONE, NOME_CANZONE, DURATA_CANZONE, ARTISTA, ALBUM)
 Values
   ('15I', 'Sulo pe paria', '00:01:19', '013', 'A26');
Insert into CANZONE
   (ID_CANZONE, NOME_CANZONE, DURATA_CANZONE, ARTISTA, ALBUM)
 Values
   ('01J', 'Ho voglia di ricominciare (intro)', '00:01:02', '014', 'A27');
Insert into CANZONE
   (ID_CANZONE, NOME_CANZONE, DURATA_CANZONE, ARTISTA, ALBUM)
 Values
   ('02J', 'Girasole', '00:03:49', '014', 'A27');
Insert into CANZONE
   (ID_CANZONE, NOME_CANZONE, DURATA_CANZONE, ARTISTA, ALBUM)
 Values
   ('03J', 'Io come te', '00:04:29', '014', 'A27');
Insert into CANZONE
   (ID_CANZONE, NOME_CANZONE, DURATA_CANZONE, ARTISTA, ALBUM)
 Values
   ('04J', 'Tradirefare', '00:04:20', '014', 'A27');
Insert into CANZONE
   (ID_CANZONE, NOME_CANZONE, DURATA_CANZONE, ARTISTA, ALBUM)
 Values
   ('31Z', 'Battito Animale', '00:04:03', '022', 'A40');
Insert into CANZONE
   (ID_CANZONE, NOME_CANZONE, DURATA_CANZONE, ARTISTA, ALBUM)
 Values
   ('32Z', 'Iperbole', '00:04:00', '022', 'A41');


 
Insert into HA
   (VIDEOCLIP, CANZONE, USCITA_VIDEO)
 Values
   ('V01', '01A', TO_DATE('17/10/2019', 'DD/MM/YYYY'));
Insert into HA
   (VIDEOCLIP, CANZONE, USCITA_VIDEO)
 Values
   ('V02', '02A', TO_DATE('22/01/2020', 'DD/MM/YYYY'));
Insert into HA
   (VIDEOCLIP, CANZONE, USCITA_VIDEO)
 Values
   ('V03', '02A', TO_DATE('20/01/2020', 'DD/MM/YYYY'));
Insert into HA
   (VIDEOCLIP, CANZONE, USCITA_VIDEO)
 Values
   ('V04', '03A', TO_DATE('05/02/2020', 'DD/MM/YYYY'));
Insert into HA
   (VIDEOCLIP, CANZONE, USCITA_VIDEO)
 Values
   ('V05', '10H', TO_DATE('28/09/2018', 'DD/MM/YYYY'));
Insert into HA
   (VIDEOCLIP, CANZONE, USCITA_VIDEO)
 Values
   ('V06', '01F', TO_DATE('28/09/1989', 'DD/MM/YYYY'));
Insert into HA
   (VIDEOCLIP, CANZONE, USCITA_VIDEO)
 Values
   ('V07', '02G', TO_DATE('01/03/2006', 'DD/MM/YYYY'));
Insert into HA
   (VIDEOCLIP, CANZONE, USCITA_VIDEO)
 Values
   ('V08', '02G', TO_DATE('01/03/2006', 'DD/MM/YYYY'));
Insert into HA
   (VIDEOCLIP, CANZONE, USCITA_VIDEO)
 Values
   ('V09', '21Z', TO_DATE('01/04/1994', 'DD/MM/YYYY'));
Insert into HA
   (VIDEOCLIP, CANZONE, USCITA_VIDEO)
 Values
   ('V10', '00Z', TO_DATE('19/12/1997', 'DD/MM/YYYY'));
Insert into HA
   (VIDEOCLIP, CANZONE, USCITA_VIDEO)
 Values
   ('V11', '22Z', TO_DATE('02/10/1993', 'DD/MM/YYYY'));
Insert into HA
   (VIDEOCLIP, CANZONE, USCITA_VIDEO)
 Values
   ('V12', '18Z', TO_DATE('19/05/1993', 'DD/MM/YYYY'));
Insert into HA
   (VIDEOCLIP, CANZONE, USCITA_VIDEO)
 Values
   ('V13', '25Z', TO_DATE('01/10/1993', 'DD/MM/YYYY'));
Insert into HA
   (VIDEOCLIP, CANZONE, USCITA_VIDEO)
 Values
   ('V14', '18Z', TO_DATE('17/05/1993', 'DD/MM/YYYY'));
Insert into HA
   (VIDEOCLIP, CANZONE, USCITA_VIDEO)
 Values
   ('V15', '03A', TO_DATE('01/02/2020', 'DD/MM/YYYY'));
 
Insert into SCRITTA
   (CANZONE, AUTORE, DATA_SCRITTURA)
 Values
   ('05F', 'CODFISAUT0000002', TO_DATE('24/05/1989', 'DD/MM/YYYY'));
Insert into SCRITTA
   (CANZONE, AUTORE, DATA_SCRITTURA)
 Values
   ('10F', 'CODFISAUT0000002', TO_DATE('13/03/1982', 'DD/MM/YYYY'));
Insert into SCRITTA
   (CANZONE, AUTORE, DATA_SCRITTURA)
 Values
   ('03F', 'CODFISAUT0000002', TO_DATE('24/05/1989', 'DD/MM/YYYY'));
Insert into SCRITTA
   (CANZONE, AUTORE, DATA_SCRITTURA)
 Values
   ('02F', 'CODFISAUT0000002', TO_DATE('24/05/1989', 'DD/MM/YYYY'));
Insert into SCRITTA
   (CANZONE, AUTORE, DATA_SCRITTURA)
 Values
   ('01F', 'CODFISAUT0000002', TO_DATE('24/05/1989', 'DD/MM/YYYY'));
Insert into SCRITTA
   (CANZONE, AUTORE, DATA_SCRITTURA)
 Values
   ('04G', 'CODFISAUT0000014', TO_DATE('04/02/2005', 'DD/MM/YYYY'));
Insert into SCRITTA
   (CANZONE, AUTORE, DATA_SCRITTURA)
 Values
   ('03G', 'CODFISAUT0000014', TO_DATE('04/02/2005', 'DD/MM/YYYY'));
Insert into SCRITTA
   (CANZONE, AUTORE, DATA_SCRITTURA)
 Values
   ('02G', 'CODFISAUT0000014', TO_DATE('04/02/2005', 'DD/MM/YYYY'));
Insert into SCRITTA
   (CANZONE, AUTORE, DATA_SCRITTURA)
 Values
   ('01G', 'CODFISAUT0000014', TO_DATE('04/02/2005', 'DD/MM/YYYY'));
Insert into SCRITTA
   (CANZONE, AUTORE, DATA_SCRITTURA)
 Values
   ('04G', 'CODFISAUT0000015', TO_DATE('04/02/2005', 'DD/MM/YYYY'));
Insert into SCRITTA
   (CANZONE, AUTORE, DATA_SCRITTURA)
 Values
   ('03G', 'CODFISAUT0000015', TO_DATE('04/02/2005', 'DD/MM/YYYY'));
Insert into SCRITTA
   (CANZONE, AUTORE, DATA_SCRITTURA)
 Values
   ('02G', 'CODFISAUT0000015', TO_DATE('04/02/2005', 'DD/MM/YYYY'));
Insert into SCRITTA
   (CANZONE, AUTORE, DATA_SCRITTURA)
 Values
   ('01G', 'CODFISAUT0000015', TO_DATE('04/02/2005', 'DD/MM/YYYY'));
Insert into SCRITTA
   (CANZONE, AUTORE, DATA_SCRITTURA)
 Values
   ('05G', 'CODFISAUT0000014', TO_DATE('04/02/2005', 'DD/MM/YYYY'));
Insert into SCRITTA
   (CANZONE, AUTORE, DATA_SCRITTURA)
 Values
   ('05G', 'CODFISAUT0000015', TO_DATE('04/02/2005', 'DD/MM/YYYY'));
Insert into SCRITTA
   (CANZONE, AUTORE, DATA_SCRITTURA)
 Values
   ('02H', 'CODFISAUT0000010', TO_DATE('22/08/1997', 'DD/MM/YYYY'));
Insert into SCRITTA
   (CANZONE, AUTORE, DATA_SCRITTURA)
 Values
   ('01H', 'CODFISAUT0000010', TO_DATE('22/08/1997', 'DD/MM/YYYY'));
Insert into SCRITTA
   (CANZONE, AUTORE, DATA_SCRITTURA)
 Values
   ('03H', 'CODFISAUT0000010', TO_DATE('22/08/1997', 'DD/MM/YYYY'));
Insert into SCRITTA
   (CANZONE, AUTORE, DATA_SCRITTURA)
 Values
   ('04H', 'CODFISAUT0000003', TO_DATE('22/08/1997', 'DD/MM/YYYY'));
Insert into SCRITTA
   (CANZONE, AUTORE, DATA_SCRITTURA)
 Values
   ('02H', 'CODFISAUT0000003', TO_DATE('22/08/1997', 'DD/MM/YYYY'));
Insert into SCRITTA
   (CANZONE, AUTORE, DATA_SCRITTURA)
 Values
   ('01H', 'CODFISAUT0000003', TO_DATE('22/08/1997', 'DD/MM/YYYY'));
Insert into SCRITTA
   (CANZONE, AUTORE, DATA_SCRITTURA)
 Values
   ('03H', 'CODFISAUT0000003', TO_DATE('22/08/1997', 'DD/MM/YYYY'));
Insert into SCRITTA
   (CANZONE, AUTORE, DATA_SCRITTURA)
 Values
   ('04H', 'CODFISAUT0000010', TO_DATE('22/08/1997', 'DD/MM/YYYY'));
Insert into SCRITTA
   (CANZONE, AUTORE, DATA_SCRITTURA)
 Values
   ('10H', 'CODFISAUT0000010', TO_DATE('26/09/2018', 'DD/MM/YYYY'));
Insert into SCRITTA
   (CANZONE, AUTORE, DATA_SCRITTURA)
 Values
   ('14I', 'CODFISAUT0000006', TO_DATE('05/09/1981', 'DD/MM/YYYY'));
Insert into SCRITTA
   (CANZONE, AUTORE, DATA_SCRITTURA)
 Values
   ('13I', 'CODFISAUT0000006', TO_DATE('05/09/1981', 'DD/MM/YYYY'));
Insert into SCRITTA
   (CANZONE, AUTORE, DATA_SCRITTURA)
 Values
   ('12I', 'CODFISAUT0000006', TO_DATE('05/09/1981', 'DD/MM/YYYY'));
Insert into SCRITTA
   (CANZONE, AUTORE, DATA_SCRITTURA)
 Values
   ('11I', 'CODFISAUT0000006', TO_DATE('05/09/1981', 'DD/MM/YYYY'));
Insert into SCRITTA
   (CANZONE, AUTORE, DATA_SCRITTURA)
 Values
   ('10I', 'CODFISAUT0000006', TO_DATE('05/09/1981', 'DD/MM/YYYY'));
Insert into SCRITTA
   (CANZONE, AUTORE, DATA_SCRITTURA)
 Values
   ('01I', 'CODFISAUT0000006', TO_DATE('30/03/1977', 'DD/MM/YYYY'));
Insert into SCRITTA
   (CANZONE, AUTORE, DATA_SCRITTURA)
 Values
   ('25Z', 'CODFISAUT0000006', TO_DATE('02/08/1993', 'DD/MM/YYYY'));
Insert into SCRITTA
   (CANZONE, AUTORE, DATA_SCRITTURA)
 Values
   ('24Z', 'CODFISAUT0000006', TO_DATE('02/08/1993', 'DD/MM/YYYY'));
Insert into SCRITTA
   (CANZONE, AUTORE, DATA_SCRITTURA)
 Values
   ('23Z', 'CODFISAUT0000006', TO_DATE('02/08/1993', 'DD/MM/YYYY'));
Insert into SCRITTA
   (CANZONE, AUTORE, DATA_SCRITTURA)
 Values
   ('22Z', 'CODFISAUT0000006', TO_DATE('02/08/1993', 'DD/MM/YYYY'));
Insert into SCRITTA
   (CANZONE, AUTORE, DATA_SCRITTURA)
 Values
   ('21Z', 'CODFISAUT0000006', TO_DATE('02/08/1993', 'DD/MM/YYYY'));
Insert into SCRITTA
   (CANZONE, AUTORE, DATA_SCRITTURA)
 Values
   ('15I', 'CODFISAUT0000006', TO_DATE('05/09/1981', 'DD/MM/YYYY'));
Insert into SCRITTA
   (CANZONE, AUTORE, DATA_SCRITTURA)
 Values
   ('04F', 'CODFISAUT0000001', TO_DATE('24/05/1989', 'DD/MM/YYYY'));
Insert into SCRITTA
   (CANZONE, AUTORE, DATA_SCRITTURA)
 Values
   ('04F', 'CODFISAUT0000002', TO_DATE('24/05/1989', 'DD/MM/YYYY'));
Insert into SCRITTA
   (CANZONE, AUTORE, DATA_SCRITTURA)
 Values
   ('02A', 'CODFISAUT0000003', TO_DATE('25/08/2019', 'DD/MM/YYYY'));
Insert into SCRITTA
   (CANZONE, AUTORE, DATA_SCRITTURA)
 Values
   ('01A', 'CODFISAUT0000003', TO_DATE('10/08/2019', 'DD/MM/YYYY'));
Insert into SCRITTA
   (CANZONE, AUTORE, DATA_SCRITTURA)
 Values
   ('02B', 'CODFISAUT0000002', TO_DATE('11/04/1995', 'DD/MM/YYYY'));
Insert into SCRITTA
   (CANZONE, AUTORE, DATA_SCRITTURA)
 Values
   ('02B', 'CODFISAUT0000005', TO_DATE('11/04/1995', 'DD/MM/YYYY'));
Insert into SCRITTA
   (CANZONE, AUTORE, DATA_SCRITTURA)
 Values
   ('01B', 'CODFISAUT0000009', TO_DATE('11/04/1995', 'DD/MM/YYYY'));
Insert into SCRITTA
   (CANZONE, AUTORE, DATA_SCRITTURA)
 Values
   ('03B', 'CODFISAUT0000009', TO_DATE('11/04/1995', 'DD/MM/YYYY'));
Insert into SCRITTA
   (CANZONE, AUTORE, DATA_SCRITTURA)
 Values
   ('03B', 'CODFISAUT0000010', TO_DATE('11/04/1995', 'DD/MM/YYYY'));
Insert into SCRITTA
   (CANZONE, AUTORE, DATA_SCRITTURA)
 Values
   ('04B', 'CODFISAUT0000001', TO_DATE('11/04/1995', 'DD/MM/YYYY'));
Insert into SCRITTA
   (CANZONE, AUTORE, DATA_SCRITTURA)
 Values
   ('01C', 'CODFISAUT0000004', TO_DATE('05/10/1998', 'DD/MM/YYYY'));
Insert into SCRITTA
   (CANZONE, AUTORE, DATA_SCRITTURA)
 Values
   ('02C', 'CODFISAUT0000004', TO_DATE('05/10/1998', 'DD/MM/YYYY'));
Insert into SCRITTA
   (CANZONE, AUTORE, DATA_SCRITTURA)
 Values
   ('02C', 'CODFISAUT0000008', TO_DATE('05/10/1998', 'DD/MM/YYYY'));
Insert into SCRITTA
   (CANZONE, AUTORE, DATA_SCRITTURA)
 Values
   ('04C', 'CODFISAUT0000004', TO_DATE('05/10/1998', 'DD/MM/YYYY'));
Insert into SCRITTA
   (CANZONE, AUTORE, DATA_SCRITTURA)
 Values
   ('04C', 'CODFISAUT0000011', TO_DATE('05/10/1998', 'DD/MM/YYYY'));
Insert into SCRITTA
   (CANZONE, AUTORE, DATA_SCRITTURA)
 Values
   ('03C', 'CODFISAUT0000004', TO_DATE('05/10/1998', 'DD/MM/YYYY'));
Insert into SCRITTA
   (CANZONE, AUTORE, DATA_SCRITTURA)
 Values
   ('03D', 'CODFISAUT0000002', TO_DATE('03/02/1990', 'DD/MM/YYYY'));
Insert into SCRITTA
   (CANZONE, AUTORE, DATA_SCRITTURA)
 Values
   ('02D', 'CODFISAUT0000004', TO_DATE('03/02/1990', 'DD/MM/YYYY'));
Insert into SCRITTA
   (CANZONE, AUTORE, DATA_SCRITTURA)
 Values
   ('02D', 'CODFISAUT0000006', TO_DATE('03/02/1990', 'DD/MM/YYYY'));
Insert into SCRITTA
   (CANZONE, AUTORE, DATA_SCRITTURA)
 Values
   ('01D', 'CODFISAUT0000016', TO_DATE('03/02/1990', 'DD/MM/YYYY'));
Insert into SCRITTA
   (CANZONE, AUTORE, DATA_SCRITTURA)
 Values
   ('05E', 'CODFISAUT0000016', TO_DATE('06/10/2016', 'DD/MM/YYYY'));
Insert into SCRITTA
   (CANZONE, AUTORE, DATA_SCRITTURA)
 Values
   ('05E', 'CODFISAUT0000005', TO_DATE('06/10/2016', 'DD/MM/YYYY'));
Insert into SCRITTA
   (CANZONE, AUTORE, DATA_SCRITTURA)
 Values
   ('04E', 'CODFISAUT0000005', TO_DATE('06/10/2016', 'DD/MM/YYYY'));
Insert into SCRITTA
   (CANZONE, AUTORE, DATA_SCRITTURA)
 Values
   ('04E', 'CODFISAUT0000001', TO_DATE('06/10/2016', 'DD/MM/YYYY'));
Insert into SCRITTA
   (CANZONE, AUTORE, DATA_SCRITTURA)
 Values
   ('03E', 'CODFISAUT0000011', TO_DATE('06/10/2016', 'DD/MM/YYYY'));
Insert into SCRITTA
   (CANZONE, AUTORE, DATA_SCRITTURA)
 Values
   ('02E', 'CODFISAUT0000016', TO_DATE('06/10/2016', 'DD/MM/YYYY'));
Insert into SCRITTA
   (CANZONE, AUTORE, DATA_SCRITTURA)
 Values
   ('02E', 'CODFISAUT0000005', TO_DATE('06/10/2016', 'DD/MM/YYYY'));
Insert into SCRITTA
   (CANZONE, AUTORE, DATA_SCRITTURA)
 Values
   ('01E', 'CODFISAUT0000005', TO_DATE('06/10/2016', 'DD/MM/YYYY'));
Insert into SCRITTA
   (CANZONE, AUTORE, DATA_SCRITTURA)
 Values
   ('03A', 'CODFISAUT0000014', TO_DATE('31/12/2019', 'DD/MM/YYYY'));
Insert into SCRITTA
   (CANZONE, AUTORE, DATA_SCRITTURA)
 Values
   ('03A', 'CODFISAUT0000015', TO_DATE('31/12/2019', 'DD/MM/YYYY'));
Insert into SCRITTA
   (CANZONE, AUTORE, DATA_SCRITTURA)
 Values
   ('03A', 'CODFISAUT0000013', TO_DATE('31/12/2019', 'DD/MM/YYYY'));
Insert into SCRITTA
   (CANZONE, AUTORE, DATA_SCRITTURA)
 Values
   ('01J', 'CODFISAUT0000008', TO_DATE('14/03/1999', 'DD/MM/YYYY'));
Insert into SCRITTA
   (CANZONE, AUTORE, DATA_SCRITTURA)
 Values
   ('02J', 'CODFISAUT0000008', TO_DATE('14/03/1999', 'DD/MM/YYYY'));
Insert into SCRITTA
   (CANZONE, AUTORE, DATA_SCRITTURA)
 Values
   ('03J', 'CODFISAUT0000008', TO_DATE('14/03/1999', 'DD/MM/YYYY'));
Insert into SCRITTA
   (CANZONE, AUTORE, DATA_SCRITTURA)
 Values
   ('04J', 'CODFISAUT0000008', TO_DATE('14/03/1999', 'DD/MM/YYYY'));
Insert into SCRITTA
   (CANZONE, AUTORE, DATA_SCRITTURA)
 Values
   ('30Z', 'CODFISAUT0000014', TO_DATE('12/12/2017', 'DD/MM/YYYY'));
Insert into SCRITTA
   (CANZONE, AUTORE, DATA_SCRITTURA)
 Values
   ('29Z', 'CODFISAUT0000012', TO_DATE('28/04/2004', 'DD/MM/YYYY'));
Insert into SCRITTA
   (CANZONE, AUTORE, DATA_SCRITTURA)
 Values
   ('29Z', 'CODFISAUT0000016', TO_DATE('28/04/2004', 'DD/MM/YYYY'));
Insert into SCRITTA
   (CANZONE, AUTORE, DATA_SCRITTURA)
 Values
   ('26Z', 'CODFISAUT0000012', TO_DATE('16/01/2011', 'DD/MM/YYYY'));
Insert into SCRITTA
   (CANZONE, AUTORE, DATA_SCRITTURA)
 Values
   ('27Z', 'CODFISAUT0000012', TO_DATE('16/01/2011', 'DD/MM/YYYY'));
Insert into SCRITTA
   (CANZONE, AUTORE, DATA_SCRITTURA)
 Values
   ('27Z', 'CODFISAUT0000013', TO_DATE('16/01/2011', 'DD/MM/YYYY'));
Insert into SCRITTA
   (CANZONE, AUTORE, DATA_SCRITTURA)
 Values
   ('28Z', 'CODFISAUT0000012', TO_DATE('16/01/2011', 'DD/MM/YYYY'));
Insert into SCRITTA
   (CANZONE, AUTORE, DATA_SCRITTURA)
 Values
   ('17Z', 'CODFISAUT0000009', TO_DATE('19/03/1993', 'DD/MM/YYYY'));
Insert into SCRITTA
   (CANZONE, AUTORE, DATA_SCRITTURA)
 Values
   ('18Z', 'CODFISAUT0000009', TO_DATE('19/03/1993', 'DD/MM/YYYY'));
Insert into SCRITTA
   (CANZONE, AUTORE, DATA_SCRITTURA)
 Values
   ('19Z', 'CODFISAUT0000009', TO_DATE('19/03/1993', 'DD/MM/YYYY'));
Insert into SCRITTA
   (CANZONE, AUTORE, DATA_SCRITTURA)
 Values
   ('20Z', 'CODFISAUT0000009', TO_DATE('19/03/1993', 'DD/MM/YYYY'));
Insert into SCRITTA
   (CANZONE, AUTORE, DATA_SCRITTURA)
 Values
   ('16Z', 'CODFISAUT0000009', TO_DATE('19/03/1993', 'DD/MM/YYYY'));
Insert into SCRITTA
   (CANZONE, AUTORE, DATA_SCRITTURA)
 Values
   ('16Z', 'CODFISAUT0000004', TO_DATE('19/03/1993', 'DD/MM/YYYY'));
Insert into SCRITTA
   (CANZONE, AUTORE, DATA_SCRITTURA)
 Values
   ('19Z', 'CODFISAUT0000010', TO_DATE('19/03/1993', 'DD/MM/YYYY'));
Insert into SCRITTA
   (CANZONE, AUTORE, DATA_SCRITTURA)
 Values
   ('11Z', 'CODFISAUT0000009', TO_DATE('30/04/2003', 'DD/MM/YYYY'));
Insert into SCRITTA
   (CANZONE, AUTORE, DATA_SCRITTURA)
 Values
   ('12Z', 'CODFISAUT0000010', TO_DATE('19/03/1993', 'DD/MM/YYYY'));
Insert into SCRITTA
   (CANZONE, AUTORE, DATA_SCRITTURA)
 Values
   ('13Z', 'CODFISAUT0000010', TO_DATE('19/03/1993', 'DD/MM/YYYY'));
Insert into SCRITTA
   (CANZONE, AUTORE, DATA_SCRITTURA)
 Values
   ('14Z', 'CODFISAUT0000010', TO_DATE('19/03/1993', 'DD/MM/YYYY'));
Insert into SCRITTA
   (CANZONE, AUTORE, DATA_SCRITTURA)
 Values
   ('15Z', 'CODFISAUT0000010', TO_DATE('19/03/1993', 'DD/MM/YYYY'));
Insert into SCRITTA
   (CANZONE, AUTORE, DATA_SCRITTURA)
 Values
   ('12Z', 'CODFISAUT0000001', TO_DATE('19/03/1993', 'DD/MM/YYYY'));
Insert into SCRITTA
   (CANZONE, AUTORE, DATA_SCRITTURA)
 Values
   ('13Z', 'CODFISAUT0000001', TO_DATE('19/03/1993', 'DD/MM/YYYY'));
Insert into SCRITTA
   (CANZONE, AUTORE, DATA_SCRITTURA)
 Values
   ('14Z', 'CODFISAUT0000015', TO_DATE('19/03/1993', 'DD/MM/YYYY'));
Insert into SCRITTA
   (CANZONE, AUTORE, DATA_SCRITTURA)
 Values
   ('10Z', 'CODFISAUT0000001', TO_DATE('22/09/1972', 'DD/MM/YYYY'));
Insert into SCRITTA
   (CANZONE, AUTORE, DATA_SCRITTURA)
 Values
   ('05Z', 'CODFISAUT0000001', TO_DATE('16/05/1981', 'DD/MM/YYYY'));
Insert into SCRITTA
   (CANZONE, AUTORE, DATA_SCRITTURA)
 Values
   ('06Z', 'CODFISAUT0000001', TO_DATE('16/05/1981', 'DD/MM/YYYY'));
Insert into SCRITTA
   (CANZONE, AUTORE, DATA_SCRITTURA)
 Values
   ('07Z', 'CODFISAUT0000001', TO_DATE('16/05/1981', 'DD/MM/YYYY'));
Insert into SCRITTA
   (CANZONE, AUTORE, DATA_SCRITTURA)
 Values
   ('08Z', 'CODFISAUT0000001', TO_DATE('16/05/1981', 'DD/MM/YYYY'));
Insert into SCRITTA
   (CANZONE, AUTORE, DATA_SCRITTURA)
 Values
   ('09Z', 'CODFISAUT0000001', TO_DATE('16/05/1981', 'DD/MM/YYYY'));
Insert into SCRITTA
   (CANZONE, AUTORE, DATA_SCRITTURA)
 Values
   ('07Z', 'CODFISAUT0000011', TO_DATE('16/05/1981', 'DD/MM/YYYY'));
Insert into SCRITTA
   (CANZONE, AUTORE, DATA_SCRITTURA)
 Values
   ('08Z', 'CODFISAUT0000004', TO_DATE('16/05/1981', 'DD/MM/YYYY'));
Insert into SCRITTA
   (CANZONE, AUTORE, DATA_SCRITTURA)
 Values
   ('01Z', 'CODFISAUT0000007', TO_DATE('02/02/1991', 'DD/MM/YYYY'));
Insert into SCRITTA
   (CANZONE, AUTORE, DATA_SCRITTURA)
 Values
   ('02Z', 'CODFISAUT0000007', TO_DATE('02/02/1991', 'DD/MM/YYYY'));
Insert into SCRITTA
   (CANZONE, AUTORE, DATA_SCRITTURA)
 Values
   ('03Z', 'CODFISAUT0000007', TO_DATE('02/02/1991', 'DD/MM/YYYY'));
Insert into SCRITTA
   (CANZONE, AUTORE, DATA_SCRITTURA)
 Values
   ('04Z', 'CODFISAUT0000007', TO_DATE('02/02/1991', 'DD/MM/YYYY'));
Insert into SCRITTA
   (CANZONE, AUTORE, DATA_SCRITTURA)
 Values
   ('01Z', 'CODFISAUT0000011', TO_DATE('02/02/1991', 'DD/MM/YYYY'));
Insert into SCRITTA
   (CANZONE, AUTORE, DATA_SCRITTURA)
 Values
   ('00Z', 'CODFISAUT0000011', TO_DATE('27/10/2009', 'DD/MM/YYYY'));
Insert into SCRITTA
   (CANZONE, AUTORE, DATA_SCRITTURA)
 Values
   ('00Z', 'CODFISAUT0000002', TO_DATE('27/10/2009', 'DD/MM/YYYY'));
 
Insert into CATEGORIA_PREMIO
   (PREMIO, CATEGORIA_PREMIO)
 Values
   ('Disco oro', 'Numero vendite');
Insert into CATEGORIA_PREMIO
   (PREMIO, CATEGORIA_PREMIO)
 Values
   ('Disco platino', 'Numero vendite');
Insert into CATEGORIA_PREMIO
   (PREMIO, CATEGORIA_PREMIO)
 Values
   ('Sanremo', 'Gara musicale');
Insert into CATEGORIA_PREMIO
   (PREMIO, CATEGORIA_PREMIO)
 Values
   ('I love my radio', 'Competizione radio');
Insert into CATEGORIA_PREMIO
   (PREMIO, CATEGORIA_PREMIO)
 Values
   ('Mia Martini', 'Gara musicale');
Insert into CATEGORIA_PREMIO
   (PREMIO, CATEGORIA_PREMIO)
 Values
   ('Tenco', 'Gara musicale');
Insert into CATEGORIA_PREMIO
   (PREMIO, CATEGORIA_PREMIO)
 Values
   ('Fimi', 'Numero vendite');
Insert into CATEGORIA_PREMIO
   (PREMIO, CATEGORIA_PREMIO)
 Values
   ('Lunezia', 'Competizione radio');
Insert into CATEGORIA_PREMIO
   (PREMIO, CATEGORIA_PREMIO)
 Values
   ('Wind Awards', 'Gara musicale');
Insert into CATEGORIA_PREMIO
   (PREMIO, CATEGORIA_PREMIO)
 Values
   ('Eurovision', 'Gara musicale');
Insert into CATEGORIA_PREMIO
   (PREMIO, CATEGORIA_PREMIO)
 Values
   ('Best Album', 'Numero ascolti');
Insert into CATEGORIA_PREMIO
   (PREMIO, CATEGORIA_PREMIO)
 Values
   ('Mtv Awards', 'Numero vendite');
Insert into CATEGORIA_PREMIO
   (PREMIO, CATEGORIA_PREMIO)
 Values
   ('Grammy', 'Gara musicale');
Insert into CATEGORIA_PREMIO
   (PREMIO, CATEGORIA_PREMIO)
 Values
   ('Festival Bar', 'Gara musicale');
Insert into CATEGORIA_PREMIO
   (PREMIO, CATEGORIA_PREMIO)
 Values
   ('Youtube Awards', 'Numero ascolti');
 
Insert into INDIRIZZI_STUDIO
   (ID_INDIRIZZO, CODICE_POSTALE, INDIRIZZO, ID_CITTA)
 Values
   (1, '20100', 'Via Montenapoleone', 2);
Insert into INDIRIZZI_STUDIO
   (ID_INDIRIZZO, CODICE_POSTALE, INDIRIZZO, ID_CITTA)
 Values
   (2, '80100', 'Via Toledo', 1);
Insert into INDIRIZZI_STUDIO
   (ID_INDIRIZZO, CODICE_POSTALE, INDIRIZZO, ID_CITTA)
 Values
   (3, '80078', 'Via Napoli', 1);
Insert into INDIRIZZI_STUDIO
   (ID_INDIRIZZO, CODICE_POSTALE, INDIRIZZO, ID_CITTA)
 Values
   (4, '00100', 'Via Fori Imperiali', 5);
Insert into INDIRIZZI_STUDIO
   (ID_INDIRIZZO, CODICE_POSTALE, INDIRIZZO, ID_CITTA)
 Values
   (5, '80010', 'Corso Italia', 1);
Insert into INDIRIZZI_STUDIO
   (ID_INDIRIZZO, CODICE_POSTALE, INDIRIZZO, ID_CITTA)
 Values
   (6, '80100', 'Corso Vittorio Emanuele', 1);
Insert into INDIRIZZI_STUDIO
   (ID_INDIRIZZO, CODICE_POSTALE, INDIRIZZO, ID_CITTA)
 Values
   (7, '20139', 'Via Val Maggia', 2);
Insert into INDIRIZZI_STUDIO
   (ID_INDIRIZZO, CODICE_POSTALE, INDIRIZZO, ID_CITTA)
 Values
   (8, '40050', 'Via Matteotti', 26);
Insert into INDIRIZZI_STUDIO
   (ID_INDIRIZZO, CODICE_POSTALE, INDIRIZZO, ID_CITTA)
 Values
   (9, '25125', 'Via Siena', 27);
Insert into INDIRIZZI_STUDIO
   (ID_INDIRIZZO, CODICE_POSTALE, INDIRIZZO, ID_CITTA)
 Values
   (10, '19033', 'Via Gragnola', 10);
Insert into INDIRIZZI_STUDIO
   (ID_INDIRIZZO, CODICE_POSTALE, INDIRIZZO, ID_CITTA)
 Values
   (11, '46028', 'Viale Rinascita', 29);
Insert into INDIRIZZI_STUDIO
   (ID_INDIRIZZO, CODICE_POSTALE, INDIRIZZO, ID_CITTA)
 Values
   (12, '12039', 'Via S.Cristina', 2);
Insert into INDIRIZZI_STUDIO
   (ID_INDIRIZZO, CODICE_POSTALE, INDIRIZZO, ID_CITTA)
 Values
   (13, '16100', 'Via M.Boccangera', 10);
Insert into INDIRIZZI_STUDIO
   (ID_INDIRIZZO, CODICE_POSTALE, INDIRIZZO, ID_CITTA)
 Values
   (14, '29122', 'Via Iacopo da Pecorara', 30);
Insert into INDIRIZZI_STUDIO
   (ID_INDIRIZZO, CODICE_POSTALE, INDIRIZZO, ID_CITTA)
 Values
   (15, '10138', 'Via Vigone', 4);
 

Insert into STUDIO
   (NOME_STUDIO, TARIFFA, ID_INDIRIZZO)
 Values
   ('Air studio', 800, 1);
Insert into STUDIO
   (NOME_STUDIO, TARIFFA, ID_INDIRIZZO)
 Values
   ('Colucci recording', 500, 2);
Insert into STUDIO
   (NOME_STUDIO, TARIFFA, ID_INDIRIZZO)
 Values
   ('Shuttle studio', 900, 3);
Insert into STUDIO
   (NOME_STUDIO, TARIFFA, ID_INDIRIZZO)
 Values
   ('Sarno production', 400, 4);
Insert into STUDIO
   (NOME_STUDIO, TARIFFA, ID_INDIRIZZO)
 Values
   ('Radio jonni recording', 350, 5);
Insert into STUDIO
   (NOME_STUDIO, TARIFFA, ID_INDIRIZZO)
 Values
   ('Kokoro recording', 400, 6);
Insert into STUDIO
   (NOME_STUDIO, TARIFFA, ID_INDIRIZZO)
 Values
   ('Studio B recording', 800, 7);
Insert into STUDIO
   (NOME_STUDIO, TARIFFA, ID_INDIRIZZO)
 Values
   ('Groove sound', 500, 8);
Insert into STUDIO
   (NOME_STUDIO, TARIFFA, ID_INDIRIZZO)
 Values
   ('Indiebox music', 300, 9);
Insert into STUDIO
   (NOME_STUDIO, TARIFFA, ID_INDIRIZZO)
 Values
   ('Ecmusic', 400, 10);
Insert into STUDIO
   (NOME_STUDIO, TARIFFA, ID_INDIRIZZO)
 Values
   ('Sonic design', 250, 11);
Insert into STUDIO
   (NOME_STUDIO, TARIFFA, ID_INDIRIZZO)
 Values
   ('Oxygen recording', 200, 12);
Insert into STUDIO
   (NOME_STUDIO, TARIFFA, ID_INDIRIZZO)
 Values
   ('Black diamond', 500, 13);
Insert into STUDIO
   (NOME_STUDIO, TARIFFA, ID_INDIRIZZO)
 Values
   ('Bertostudio', 350, 14);
Insert into STUDIO
   (NOME_STUDIO, TARIFFA, ID_INDIRIZZO)
 Values
   ('W and A studio', 550, 15);
 
Insert into REGISTRATA
   (CANZONE, STUDIO, DATA_REGISTRAZIONE)
 Values
   ('22Z', 'Colucci recording', TO_DATE('01/09/1993', 'DD/MM/YYYY'));
Insert into REGISTRATA
   (CANZONE, STUDIO, DATA_REGISTRAZIONE)
 Values
   ('02A', 'Air studio', TO_DATE('01/01/2020', 'DD/MM/YYYY'));
Insert into REGISTRATA
   (CANZONE, STUDIO, DATA_REGISTRAZIONE)
 Values
   ('01J', 'Radio jonni recording', TO_DATE('13/04/1999', 'DD/MM/YYYY'));
Insert into REGISTRATA
   (CANZONE, STUDIO, DATA_REGISTRAZIONE)
 Values
   ('02J', 'Radio jonni recording', TO_DATE('13/04/1999', 'DD/MM/YYYY'));
Insert into REGISTRATA
   (CANZONE, STUDIO, DATA_REGISTRAZIONE)
 Values
   ('03J', 'Radio jonni recording', TO_DATE('13/04/1999', 'DD/MM/YYYY'));
Insert into REGISTRATA
   (CANZONE, STUDIO, DATA_REGISTRAZIONE)
 Values
   ('04J', 'Radio jonni recording', TO_DATE('13/04/1999', 'DD/MM/YYYY'));
Insert into REGISTRATA
   (CANZONE, STUDIO, DATA_REGISTRAZIONE)
 Values
   ('30Z', 'Air studio', TO_DATE('11/01/2018', 'DD/MM/YYYY'));
Insert into REGISTRATA
   (CANZONE, STUDIO, DATA_REGISTRAZIONE)
 Values
   ('29Z', 'Colucci recording', TO_DATE('27/05/2004', 'DD/MM/YYYY'));
Insert into REGISTRATA
   (CANZONE, STUDIO, DATA_REGISTRAZIONE)
 Values
   ('26Z', 'Air studio', TO_DATE('15/02/2011', 'DD/MM/YYYY'));
Insert into REGISTRATA
   (CANZONE, STUDIO, DATA_REGISTRAZIONE)
 Values
   ('27Z', 'Air studio', TO_DATE('15/02/2011', 'DD/MM/YYYY'));
Insert into REGISTRATA
   (CANZONE, STUDIO, DATA_REGISTRAZIONE)
 Values
   ('28Z', 'Air studio', TO_DATE('15/02/2011', 'DD/MM/YYYY'));
Insert into REGISTRATA
   (CANZONE, STUDIO, DATA_REGISTRAZIONE)
 Values
   ('20Z', 'Shuttle studio', TO_DATE('18/04/1993', 'DD/MM/YYYY'));
Insert into REGISTRATA
   (CANZONE, STUDIO, DATA_REGISTRAZIONE)
 Values
   ('19Z', 'Shuttle studio', TO_DATE('18/04/1993', 'DD/MM/YYYY'));
Insert into REGISTRATA
   (CANZONE, STUDIO, DATA_REGISTRAZIONE)
 Values
   ('18Z', 'Shuttle studio', TO_DATE('18/04/1993', 'DD/MM/YYYY'));
Insert into REGISTRATA
   (CANZONE, STUDIO, DATA_REGISTRAZIONE)
 Values
   ('17Z', 'Sonic design', TO_DATE('15/04/1993', 'DD/MM/YYYY'));
Insert into REGISTRATA
   (CANZONE, STUDIO, DATA_REGISTRAZIONE)
 Values
   ('16Z', 'Shuttle studio', TO_DATE('18/04/1993', 'DD/MM/YYYY'));
Insert into REGISTRATA
   (CANZONE, STUDIO, DATA_REGISTRAZIONE)
 Values
   ('15Z', 'Sarno production', TO_DATE('29/05/2003', 'DD/MM/YYYY'));
Insert into REGISTRATA
   (CANZONE, STUDIO, DATA_REGISTRAZIONE)
 Values
   ('14Z', 'Sarno production', TO_DATE('29/05/2003', 'DD/MM/YYYY'));
Insert into REGISTRATA
   (CANZONE, STUDIO, DATA_REGISTRAZIONE)
 Values
   ('13Z', 'Sarno production', TO_DATE('29/05/2003', 'DD/MM/YYYY'));
Insert into REGISTRATA
   (CANZONE, STUDIO, DATA_REGISTRAZIONE)
 Values
   ('12Z', 'Sarno production', TO_DATE('29/05/2003', 'DD/MM/YYYY'));
Insert into REGISTRATA
   (CANZONE, STUDIO, DATA_REGISTRAZIONE)
 Values
   ('11Z', 'Sarno production', TO_DATE('29/05/2003', 'DD/MM/YYYY'));
Insert into REGISTRATA
   (CANZONE, STUDIO, DATA_REGISTRAZIONE)
 Values
   ('10Z', 'Colucci recording', TO_DATE('21/10/1972', 'DD/MM/YYYY'));
Insert into REGISTRATA
   (CANZONE, STUDIO, DATA_REGISTRAZIONE)
 Values
   ('09Z', 'Colucci recording', TO_DATE('15/06/1981', 'DD/MM/YYYY'));
Insert into REGISTRATA
   (CANZONE, STUDIO, DATA_REGISTRAZIONE)
 Values
   ('08Z', 'Colucci recording', TO_DATE('15/06/1981', 'DD/MM/YYYY'));
Insert into REGISTRATA
   (CANZONE, STUDIO, DATA_REGISTRAZIONE)
 Values
   ('07Z', 'Colucci recording', TO_DATE('15/06/1981', 'DD/MM/YYYY'));
Insert into REGISTRATA
   (CANZONE, STUDIO, DATA_REGISTRAZIONE)
 Values
   ('06Z', 'Studio B recording', TO_DATE('11/06/1981', 'DD/MM/YYYY'));
Insert into REGISTRATA
   (CANZONE, STUDIO, DATA_REGISTRAZIONE)
 Values
   ('05Z', 'Colucci recording', TO_DATE('15/06/1981', 'DD/MM/YYYY'));
Insert into REGISTRATA
   (CANZONE, STUDIO, DATA_REGISTRAZIONE)
 Values
   ('04Z', 'Radio jonni recording', TO_DATE('01/03/1991', 'DD/MM/YYYY'));
Insert into REGISTRATA
   (CANZONE, STUDIO, DATA_REGISTRAZIONE)
 Values
   ('03Z', 'Radio jonni recording', TO_DATE('01/03/1991', 'DD/MM/YYYY'));
Insert into REGISTRATA
   (CANZONE, STUDIO, DATA_REGISTRAZIONE)
 Values
   ('02Z', 'Radio jonni recording', TO_DATE('01/03/1991', 'DD/MM/YYYY'));
Insert into REGISTRATA
   (CANZONE, STUDIO, DATA_REGISTRAZIONE)
 Values
   ('01Z', 'Kokoro recording', TO_DATE('26/02/1991', 'DD/MM/YYYY'));
Insert into REGISTRATA
   (CANZONE, STUDIO, DATA_REGISTRAZIONE)
 Values
   ('00Z', 'Shuttle studio', TO_DATE('26/11/2009', 'DD/MM/YYYY'));
Insert into REGISTRATA
   (CANZONE, STUDIO, DATA_REGISTRAZIONE)
 Values
   ('01A', 'W and A studio', TO_DATE('24/09/2019', 'DD/MM/YYYY'));
Insert into REGISTRATA
   (CANZONE, STUDIO, DATA_REGISTRAZIONE)
 Values
   ('02B', 'Sarno production', TO_DATE('10/05/1995', 'DD/MM/YYYY'));
Insert into REGISTRATA
   (CANZONE, STUDIO, DATA_REGISTRAZIONE)
 Values
   ('01B', 'Sarno production', TO_DATE('10/05/1995', 'DD/MM/YYYY'));
Insert into REGISTRATA
   (CANZONE, STUDIO, DATA_REGISTRAZIONE)
 Values
   ('03B', 'Bertostudio', TO_DATE('07/05/1995', 'DD/MM/YYYY'));
Insert into REGISTRATA
   (CANZONE, STUDIO, DATA_REGISTRAZIONE)
 Values
   ('04B', 'Sarno production', TO_DATE('10/05/1995', 'DD/MM/YYYY'));
Insert into REGISTRATA
   (CANZONE, STUDIO, DATA_REGISTRAZIONE)
 Values
   ('01C', 'Radio jonni recording', TO_DATE('04/11/1998', 'DD/MM/YYYY'));
Insert into REGISTRATA
   (CANZONE, STUDIO, DATA_REGISTRAZIONE)
 Values
   ('02C', 'Radio jonni recording', TO_DATE('04/11/1998', 'DD/MM/YYYY'));
Insert into REGISTRATA
   (CANZONE, STUDIO, DATA_REGISTRAZIONE)
 Values
   ('04C', 'Ecmusic', TO_DATE('30/10/1998', 'DD/MM/YYYY'));
Insert into REGISTRATA
   (CANZONE, STUDIO, DATA_REGISTRAZIONE)
 Values
   ('03C', 'Radio jonni recording', TO_DATE('04/11/1998', 'DD/MM/YYYY'));
Insert into REGISTRATA
   (CANZONE, STUDIO, DATA_REGISTRAZIONE)
 Values
   ('03D', 'Air studio', TO_DATE('02/03/1990', 'DD/MM/YYYY'));
Insert into REGISTRATA
   (CANZONE, STUDIO, DATA_REGISTRAZIONE)
 Values
   ('02D', 'Air studio', TO_DATE('02/03/1990', 'DD/MM/YYYY'));
Insert into REGISTRATA
   (CANZONE, STUDIO, DATA_REGISTRAZIONE)
 Values
   ('01D', 'Groove sound', TO_DATE('01/03/1990', 'DD/MM/YYYY'));
Insert into REGISTRATA
   (CANZONE, STUDIO, DATA_REGISTRAZIONE)
 Values
   ('05E', 'Shuttle studio', TO_DATE('05/11/2016', 'DD/MM/YYYY'));
Insert into REGISTRATA
   (CANZONE, STUDIO, DATA_REGISTRAZIONE)
 Values
   ('04E', 'Shuttle studio', TO_DATE('05/11/2016', 'DD/MM/YYYY'));
Insert into REGISTRATA
   (CANZONE, STUDIO, DATA_REGISTRAZIONE)
 Values
   ('03E', 'Shuttle studio', TO_DATE('05/11/2016', 'DD/MM/YYYY'));
Insert into REGISTRATA
   (CANZONE, STUDIO, DATA_REGISTRAZIONE)
 Values
   ('02E', 'Shuttle studio', TO_DATE('05/11/2016', 'DD/MM/YYYY'));
Insert into REGISTRATA
   (CANZONE, STUDIO, DATA_REGISTRAZIONE)
 Values
   ('01E', 'Shuttle studio', TO_DATE('05/11/2016', 'DD/MM/YYYY'));
Insert into REGISTRATA
   (CANZONE, STUDIO, DATA_REGISTRAZIONE)
 Values
   ('03A', 'Colucci recording', TO_DATE('30/01/2020', 'DD/MM/YYYY'));
Insert into REGISTRATA
   (CANZONE, STUDIO, DATA_REGISTRAZIONE)
 Values
   ('05F', 'Colucci recording', TO_DATE('24/06/1989', 'DD/MM/YYYY'));
Insert into REGISTRATA
   (CANZONE, STUDIO, DATA_REGISTRAZIONE)
 Values
   ('10F', 'Colucci recording', TO_DATE('12/04/1982', 'DD/MM/YYYY'));
Insert into REGISTRATA
   (CANZONE, STUDIO, DATA_REGISTRAZIONE)
 Values
   ('04F', 'Colucci recording', TO_DATE('23/06/1989', 'DD/MM/YYYY'));
Insert into REGISTRATA
   (CANZONE, STUDIO, DATA_REGISTRAZIONE)
 Values
   ('03F', 'Colucci recording', TO_DATE('23/06/1989', 'DD/MM/YYYY'));
Insert into REGISTRATA
   (CANZONE, STUDIO, DATA_REGISTRAZIONE)
 Values
   ('02F', 'Colucci recording', TO_DATE('23/06/1989', 'DD/MM/YYYY'));
Insert into REGISTRATA
   (CANZONE, STUDIO, DATA_REGISTRAZIONE)
 Values
   ('01F', 'Colucci recording', TO_DATE('23/06/1989', 'DD/MM/YYYY'));
Insert into REGISTRATA
   (CANZONE, STUDIO, DATA_REGISTRAZIONE)
 Values
   ('04G', 'Air studio', TO_DATE('03/03/2005', 'DD/MM/YYYY'));
Insert into REGISTRATA
   (CANZONE, STUDIO, DATA_REGISTRAZIONE)
 Values
   ('03G', 'Air studio', TO_DATE('03/03/2005', 'DD/MM/YYYY'));
Insert into REGISTRATA
   (CANZONE, STUDIO, DATA_REGISTRAZIONE)
 Values
   ('02G', 'Air studio', TO_DATE('03/03/2005', 'DD/MM/YYYY'));
Insert into REGISTRATA
   (CANZONE, STUDIO, DATA_REGISTRAZIONE)
 Values
   ('01G', 'Air studio', TO_DATE('03/03/2005', 'DD/MM/YYYY'));
Insert into REGISTRATA
   (CANZONE, STUDIO, DATA_REGISTRAZIONE)
 Values
   ('05G', 'Oxygen recording', TO_DATE('01/03/2005', 'DD/MM/YYYY'));
Insert into REGISTRATA
   (CANZONE, STUDIO, DATA_REGISTRAZIONE)
 Values
   ('02H', 'Sarno production', TO_DATE('21/09/1997', 'DD/MM/YYYY'));
Insert into REGISTRATA
   (CANZONE, STUDIO, DATA_REGISTRAZIONE)
 Values
   ('03H', 'Sarno production', TO_DATE('21/09/1997', 'DD/MM/YYYY'));
Insert into REGISTRATA
   (CANZONE, STUDIO, DATA_REGISTRAZIONE)
 Values
   ('01H', 'Indiebox music', TO_DATE('19/09/1997', 'DD/MM/YYYY'));
Insert into REGISTRATA
   (CANZONE, STUDIO, DATA_REGISTRAZIONE)
 Values
   ('04H', 'Sarno production', TO_DATE('21/09/1997', 'DD/MM/YYYY'));
Insert into REGISTRATA
   (CANZONE, STUDIO, DATA_REGISTRAZIONE)
 Values
   ('10H', 'Sarno production', TO_DATE('25/10/2018', 'DD/MM/YYYY'));
Insert into REGISTRATA
   (CANZONE, STUDIO, DATA_REGISTRAZIONE)
 Values
   ('14I', 'Radio jonni recording', TO_DATE('04/10/1981', 'DD/MM/YYYY'));
Insert into REGISTRATA
   (CANZONE, STUDIO, DATA_REGISTRAZIONE)
 Values
   ('13I', 'Radio jonni recording', TO_DATE('04/10/1981', 'DD/MM/YYYY'));
Insert into REGISTRATA
   (CANZONE, STUDIO, DATA_REGISTRAZIONE)
 Values
   ('12I', 'Radio jonni recording', TO_DATE('04/10/1981', 'DD/MM/YYYY'));
Insert into REGISTRATA
   (CANZONE, STUDIO, DATA_REGISTRAZIONE)
 Values
   ('11I', 'Radio jonni recording', TO_DATE('04/10/1981', 'DD/MM/YYYY'));
Insert into REGISTRATA
   (CANZONE, STUDIO, DATA_REGISTRAZIONE)
 Values
   ('10I', 'Radio jonni recording', TO_DATE('04/10/1981', 'DD/MM/YYYY'));
Insert into REGISTRATA
   (CANZONE, STUDIO, DATA_REGISTRAZIONE)
 Values
   ('01I', 'Black diamond', TO_DATE('29/04/1977', 'DD/MM/YYYY'));
Insert into REGISTRATA
   (CANZONE, STUDIO, DATA_REGISTRAZIONE)
 Values
   ('25Z', 'Shuttle studio', TO_DATE('01/09/1993', 'DD/MM/YYYY'));
Insert into REGISTRATA
   (CANZONE, STUDIO, DATA_REGISTRAZIONE)
 Values
   ('24Z', 'Shuttle studio', TO_DATE('01/09/1993', 'DD/MM/YYYY'));
Insert into REGISTRATA
   (CANZONE, STUDIO, DATA_REGISTRAZIONE)
 Values
   ('23Z', 'Colucci recording', TO_DATE('01/09/1993', 'DD/MM/YYYY'));
Insert into REGISTRATA
   (CANZONE, STUDIO, DATA_REGISTRAZIONE)
 Values
   ('15I', 'Colucci recording', TO_DATE('04/10/1981', 'DD/MM/YYYY'));
Insert into REGISTRATA
   (CANZONE, STUDIO, DATA_REGISTRAZIONE)
 Values
   ('21Z', 'Colucci recording', TO_DATE('01/09/1993', 'DD/MM/YYYY'));
 
Insert into RICEVE
   (CANZONE, PREMIO, CONSEGNA_PREMIO, PAESE)
 Values
   ('17Z', 'Mia Martini', TO_DATE('25/05/1993', 'DD/MM/YYYY'), 'Italia');
Insert into RICEVE
   (CANZONE, PREMIO, CONSEGNA_PREMIO, PAESE)
 Values
   ('17Z', 'Best Album', TO_DATE('25/05/1993', 'DD/MM/YYYY'), 'Italia');
Insert into RICEVE
   (CANZONE, PREMIO, CONSEGNA_PREMIO, PAESE)
 Values
   ('04Z', 'Sanremo', TO_DATE('27/02/1991', 'DD/MM/YYYY'), 'Italia');
Insert into RICEVE
   (CANZONE, PREMIO, CONSEGNA_PREMIO, PAESE)
 Values
   ('25Z', 'Sanremo', TO_DATE('15/02/1993', 'DD/MM/YYYY'), 'Italia');
Insert into RICEVE
   (CANZONE, PREMIO, CONSEGNA_PREMIO, PAESE)
 Values
   ('03A', 'Disco oro', TO_DATE('01/03/2020', 'DD/MM/YYYY'), 'Italia');
Insert into RICEVE
   (CANZONE, PREMIO, CONSEGNA_PREMIO, PAESE)
 Values
   ('03A', 'Disco oro', TO_DATE('01/03/2020', 'DD/MM/YYYY'), 'Francia');
Insert into RICEVE
   (CANZONE, PREMIO, CONSEGNA_PREMIO, PAESE)
 Values
   ('03C', 'Mia Martini', TO_DATE('16/07/1998', 'DD/MM/YYYY'), 'Italia');
Insert into RICEVE
   (CANZONE, PREMIO, CONSEGNA_PREMIO, PAESE)
 Values
   ('01B', 'Eurovision', TO_DATE('02/02/1996', 'DD/MM/YYYY'), 'Amsterdam');
Insert into RICEVE
   (CANZONE, PREMIO, CONSEGNA_PREMIO, PAESE)
 Values
   ('01B', 'Disco platino', TO_DATE('02/02/1996', 'DD/MM/YYYY'), 'Svezia');
Insert into RICEVE
   (CANZONE, PREMIO, CONSEGNA_PREMIO, PAESE)
 Values
   ('01B', 'I love my radio', TO_DATE('05/02/2019', 'DD/MM/YYYY'), 'Italia');
Insert into RICEVE
   (CANZONE, PREMIO, CONSEGNA_PREMIO, PAESE)
 Values
   ('04B', 'Disco oro', TO_DATE('31/08/1999', 'DD/MM/YYYY'), 'Italia');
Insert into RICEVE
   (CANZONE, PREMIO, CONSEGNA_PREMIO, PAESE)
 Values
   ('02C', 'Mia Martini', TO_DATE('17/06/1999', 'DD/MM/YYYY'), 'Italia');
Insert into RICEVE
   (CANZONE, PREMIO, CONSEGNA_PREMIO, PAESE)
 Values
   ('02C', 'Disco oro', TO_DATE('26/06/1999', 'DD/MM/YYYY'), 'Montenegro');
Insert into RICEVE
   (CANZONE, PREMIO, CONSEGNA_PREMIO, PAESE)
 Values
   ('21Z', 'I love my radio', TO_DATE('24/11/1993', 'DD/MM/YYYY'), 'Italia');
Insert into RICEVE
   (CANZONE, PREMIO, CONSEGNA_PREMIO, PAESE)
 Values
   ('10I', 'Disco platino', TO_DATE('07/04/1982', 'DD/MM/YYYY'), 'Russia');
Insert into RICEVE
   (CANZONE, PREMIO, CONSEGNA_PREMIO, PAESE)
 Values
   ('10I', 'Disco oro', TO_DATE('07/04/1982', 'DD/MM/YYYY'), 'Russia');
Insert into RICEVE
   (CANZONE, PREMIO, CONSEGNA_PREMIO, PAESE)
 Values
   ('05G', 'Disco oro', TO_DATE('18/05/2005', 'DD/MM/YYYY'), 'Italia');
Insert into RICEVE
   (CANZONE, PREMIO, CONSEGNA_PREMIO, PAESE)
 Values
   ('05G', 'Disco platino', TO_DATE('05/12/2005', 'DD/MM/YYYY'), 'Italia');
Insert into RICEVE
   (CANZONE, PREMIO, CONSEGNA_PREMIO, PAESE)
 Values
   ('05G', 'Grammy', TO_DATE('27/06/2005', 'DD/MM/YYYY'), 'Stati Uniti');
Insert into RICEVE
   (CANZONE, PREMIO, CONSEGNA_PREMIO, PAESE)
 Values
   ('02A', 'Disco oro', TO_DATE('04/06/2020', 'DD/MM/YYYY'), 'Italia');
Insert into RICEVE
   (CANZONE, PREMIO, CONSEGNA_PREMIO, PAESE)
 Values
   ('15Z', 'Disco oro', TO_DATE('22/07/2003', 'DD/MM/YYYY'), 'Francia');
Insert into RICEVE
   (CANZONE, PREMIO, CONSEGNA_PREMIO, PAESE)
 Values
   ('15Z', 'Lunezia', TO_DATE('21/07/2003', 'DD/MM/YYYY'), 'Italia');
Insert into RICEVE
   (CANZONE, PREMIO, CONSEGNA_PREMIO, PAESE)
 Values
   ('15Z', 'Disco oro', TO_DATE('20/07/2003', 'DD/MM/YYYY'), 'Italia');
Insert into RICEVE
   (CANZONE, PREMIO, CONSEGNA_PREMIO, PAESE)
 Values
   ('27Z', 'Disco oro', TO_DATE('16/02/2011', 'DD/MM/YYYY'), 'Italia');
Insert into RICEVE
   (CANZONE, PREMIO, CONSEGNA_PREMIO, PAESE)
 Values
   ('29Z', 'Disco oro', TO_DATE('17/09/2005', 'DD/MM/YYYY'), 'Italia');
Insert into RICEVE
   (CANZONE, PREMIO, CONSEGNA_PREMIO, PAESE)
 Values
   ('04E', 'Disco oro', TO_DATE('15/10/2016', 'DD/MM/YYYY'), 'Italia');
Insert into RICEVE
   (CANZONE, PREMIO, CONSEGNA_PREMIO, PAESE)
 Values
   ('04E', 'Disco oro', TO_DATE('10/01/2017', 'DD/MM/YYYY'), 'America');
Insert into RICEVE
   (CANZONE, PREMIO, CONSEGNA_PREMIO, PAESE)
 Values
   ('03J', 'Sanremo', TO_DATE('15/02/2000', 'DD/MM/YYYY'), 'Italia');
Insert into RICEVE
   (CANZONE, PREMIO, CONSEGNA_PREMIO, PAESE)
 Values
   ('01H', 'Youtube Awards', TO_DATE('01/12/1997', 'DD/MM/YYYY'), 'Parigi');
Insert into RICEVE
   (CANZONE, PREMIO, CONSEGNA_PREMIO, PAESE)
 Values
   ('03D', 'Festival Bar', TO_DATE('25/05/1993', 'DD/MM/YYYY'), 'Italia');
Insert into RICEVE
   (CANZONE, PREMIO, CONSEGNA_PREMIO, PAESE)
 Values
   ('01E', 'Mia Martini', TO_DATE('30/01/2016', 'DD/MM/YYYY'), 'Italia');
Insert into RICEVE
   (CANZONE, PREMIO, CONSEGNA_PREMIO, PAESE)
 Values
   ('16Z', 'Disco platino', TO_DATE('01/02/1998', 'DD/MM/YYYY'), 'Norvegia');
Insert into RICEVE
   (CANZONE, PREMIO, CONSEGNA_PREMIO, PAESE)
 Values
   ('16Z', 'Disco oro', TO_DATE('30/03/1998', 'DD/MM/YYYY'), 'Norvegia');
Insert into RICEVE
   (CANZONE, PREMIO, CONSEGNA_PREMIO, PAESE)
 Values
   ('26Z', 'I love my radio', TO_DATE('05/05/2012', 'DD/MM/YYYY'), 'Italia');
Insert into RICEVE
   (CANZONE, PREMIO, CONSEGNA_PREMIO, PAESE)
 Values
   ('26Z', 'Mia Martini', TO_DATE('02/02/2013', 'DD/MM/YYYY'), 'Italia');
Insert into RICEVE
   (CANZONE, PREMIO, CONSEGNA_PREMIO, PAESE)
 Values
   ('01F', 'Disco oro', TO_DATE('06/05/1990', 'DD/MM/YYYY'), 'Italia');
Insert into RICEVE
   (CANZONE, PREMIO, CONSEGNA_PREMIO, PAESE)
 Values
   ('01F', 'Disco platino', TO_DATE('08/08/1990', 'DD/MM/YYYY'), 'Italia');
Insert into RICEVE
   (CANZONE, PREMIO, CONSEGNA_PREMIO, PAESE)
 Values
   ('07Z', 'Disco oro', TO_DATE('14/04/2004', 'DD/MM/YYYY'), 'Spagna');
Insert into RICEVE
   (CANZONE, PREMIO, CONSEGNA_PREMIO, PAESE)
 Values
   ('02J', 'Disco platino', TO_DATE('07/07/2000', 'DD/MM/YYYY'), 'Italia');
Insert into RICEVE
   (CANZONE, PREMIO, CONSEGNA_PREMIO, PAESE)
 Values
   ('03Z', 'Tenco', TO_DATE('08/05/1993', 'DD/MM/YYYY'), 'Italia');
Insert into RICEVE
   (CANZONE, PREMIO, CONSEGNA_PREMIO, PAESE)
 Values
   ('08Z', 'Wind Awards', TO_DATE('09/09/1982', 'DD/MM/YYYY'), 'Italia');
Insert into RICEVE
   (CANZONE, PREMIO, CONSEGNA_PREMIO, PAESE)
 Values
   ('08Z', 'Disco oro', TO_DATE('02/01/1982', 'DD/MM/YYYY'), 'Francia');
Insert into RICEVE
   (CANZONE, PREMIO, CONSEGNA_PREMIO, PAESE)
 Values
   ('00Z', 'Disco oro', TO_DATE('24/11/1998', 'DD/MM/YYYY'), 'Italia');
Insert into RICEVE
   (CANZONE, PREMIO, CONSEGNA_PREMIO, PAESE)
 Values
   ('00Z', 'Mtv Awards', TO_DATE('01/12/1998', 'DD/MM/YYYY'), 'Italia');
Insert into RICEVE
   (CANZONE, PREMIO, CONSEGNA_PREMIO, PAESE)
 Values
   ('02J', 'Disco oro', TO_DATE('07/07/1999', 'DD/MM/YYYY'), 'Italia');
Insert into RICEVE
   (CANZONE, PREMIO, CONSEGNA_PREMIO, PAESE)
 Values
   ('01B', 'Disco oro', TO_DATE('02/02/1995', 'DD/MM/YYYY'), 'Svezia');
Insert into RICEVE
   (CANZONE, PREMIO, CONSEGNA_PREMIO, PAESE)
 Values
   ('01B', 'Fimi', TO_DATE('02/05/1997', 'DD/MM/YYYY'), 'Svezia');
Insert into RICEVE
   (CANZONE, PREMIO, CONSEGNA_PREMIO, PAESE)
 Values
   ('31Z', 'Disco oro', TO_DATE('22/07/2020', 'DD/MM/YYYY'), 'Italia');
Insert into RICEVE
   (CANZONE, PREMIO, CONSEGNA_PREMIO, PAESE)
 Values
   ('32Z', 'Sanremo', TO_DATE('27/07/2020', 'DD/MM/YYYY'), 'Italia');
Insert into RICEVE
   (CANZONE, PREMIO, CONSEGNA_PREMIO, PAESE)
 Values
   ('32Z', 'Mtv Awards', TO_DATE('22/07/2020', 'DD/MM/YYYY'), 'Italia');
Insert into RICEVE
   (CANZONE, PREMIO, CONSEGNA_PREMIO, PAESE)
 Values
   ('32Z', 'I love my radio', TO_DATE('27/07/2020', 'DD/MM/YYYY'), 'Italia');
 commit;